Inez Waller|ac.eleifend.vitae@tempus.co.uk|P.O. Box 417, 2744 Velit Avenue|Beausejour|Z9V 7C6|MB|Canada
Colorado Norman|Nulla@feugiattellus.edu|1160 A, Rd.|Stonewall|T6R 9D8|MB|Canada
Hammett Smith|ac.sem.ut@maurissagittis.co.uk|P.O. Box 711, 282 Ante. Road|Stonewall|W2H 7D6|MB|Canada
Lunea Best|lacus.varius.et@augueeu.edu|P.O. Box 850, 5439 Imperdiet Ave|Daly|Z8R 6P7|MB|Canada
Keaton Walters|Aliquam@odioEtiam.net|521-6089 Ut Ave|Minitonas|Z8K 1N4|MB|Canada
Scarlett Knowles|Suspendisse.sagittis.Nullam@elitEtiamlaoreet.com|Ap #372-1631 Aliquet Avenue|Brandon|K8X 6Q4|MB|Canada
Freya Larsen|lacus.Nulla@turpisnon.edu|3696 Fringilla Avenue|Beausejour|I3R 8U2|MB|Canada
Elvis Stephenson|convallis.ante@suscipit.com|623-460 Morbi Rd.|Daly|M9Q 5N9|MB|Canada
Hyacinth Whitaker|malesuada@inlobortis.edu|497-7452 Ut St.|Beausejour|B1I 9Y6|MB|Canada
Grady Wiley|dictum.Phasellus@tristique.edu|9142 Dui. St.|Daly|Z6M 4E5|MB|Canada
Galena Chen|faucibus.leo.in@enimconsequatpurus.co.uk|232-6579 Odio, Ave|Lourdes|U6C 9W5|MB|Canada
Ivana Garcia|ipsum.primis.in@mitempor.edu|Ap #215-3039 Integer Rd.|Minitonas|Y5X 9G7|MB|Canada
Salvador Powers|sagittis@facilisisvitae.edu|7495 A, St.|Beausejour|G8D 5A8|MB|Canada
Bernard Chaney|nec.diam@rutrum.co.uk|4417 A Street|Beausejour|Z1D 6T2|MB|Canada
Xanthus Calhoun|velit.Sed.malesuada@dolor.co.uk|175 Sed, Road|Winnipeg|R2J 1I1|MB|Canada
Beau Dennis|ullamcorper.velit@scelerisquedui.net|Ap #216-250 Ut Av.|Stonewall|P7E 6A1|MB|Canada
Emily Knox|auctor@ametmetusAliquam.com|157-3362 Ipsum Avenue|Flin Flon|S5E 1J1|MB|Canada
Mia Collier|ornare.facilisis.eget@utaliquam.net|166-6940 Vestibulum. Rd.|Lourdes|V2Y 4H9|MB|Canada
Chaim Velazquez|ultrices@Utsagittislobortis.ca|130-2497 Habitant Rd.|Daly|W6N 2Q8|MB|Canada
Martha Ryan|lorem@mollis.edu|P.O. Box 203, 5517 Phasellus Rd.|Lourdes|I9O 6B2|MB|Canada
Lucian Skinner|Cras@urnaNunc.com|P.O. Box 508, 9256 Parturient Av.|Beausejour|V8N 2W7|MB|Canada
Channing Delacruz|nunc.ac.mattis@loremDonecelementum.net|P.O. Box 444, 7288 Nibh Rd.|Brandon|L9R 5C2|MB|Canada
Jaime Hewitt|montes.nascetur@tempor.net|5182 Nunc Avenue|Brandon|P4I 7X2|MB|Canada
Tatum William|cursus@convalliserat.com|969-2942 Arcu Av.|Daly|N5U 2Q1|MB|Canada
Stacey Holden|sodales@adipiscing.edu|P.O. Box 460, 6047 Quis Street|Flin Flon|D4Q 2E1|MB|Canada
Jenette Price|rutrum.Fusce@vehiculaet.com|P.O. Box 976, 6203 Nec, Street|Brandon|W1C 3B3|MB|Canada
Paloma Coleman|non@ac.edu|Ap #455-1512 Lacus. Ave|Stonewall|S6J 7B9|MB|Canada
Buffy Miranda|enim.Suspendisse@Aliquamadipiscinglobortis.com|P.O. Box 234, 8075 Pharetra Rd.|Brandon|Y3Y 1H5|MB|Canada
Kirk Slater|non.hendrerit@ornaresagittisfelis.co.uk|998-6538 Vitae, St.|Lourdes|Z1B 7M2|MB|Canada
Charity Levy|Duis.cursus.diam@aliquetlibero.edu|685-2430 Mi Av.|Beausejour|S9L 7C2|MB|Canada
Mollie Holt|lorem.tristique@aaliquetvel.co.uk|661-6223 Orci. Avenue|Lourdes|U8Y 2V5|MB|Canada
Derek Shields|Vivamus@fringillaestMauris.net|Ap #820-5405 Aliquet St.|Stonewall|D1W 5R1|MB|Canada
Fatima Dunn|bibendum.ullamcorper.Duis@luctus.com|191-8350 Aptent Rd.|Daly|F7P 6J2|MB|Canada
Kalia Mcbride|Sed@eget.net|699-3028 Sollicitudin Rd.|Beausejour|D3I 7B8|MB|Canada
Blaze Cummings|libero@etcommodo.com|P.O. Box 998, 2024 Dolor Avenue|Brandon|I1E 7E9|MB|Canada
Burke Holloway|odio@netuset.com|812-1428 Pretium Avenue|Stonewall|I6P 7G9|MB|Canada
TaShya Diaz|euismod.enim.Etiam@nonmagnaNam.net|2019 Proin Road|Minitonas|Z7Z 1T1|MB|Canada
Leroy Keller|consequat.nec@fringilla.com|9465 Adipiscing Rd.|Beausejour|I3J 3Q1|MB|Canada
Adam Boone|Quisque.ac@Curae;Donec.ca|P.O. Box 337, 3815 Posuere, Av.|Flin Flon|Q2G 4N1|MB|Canada
Colorado Beach|Sed.molestie.Sed@vitae.net|5069 In Av.|Flin Flon|V7Q 4N5|MB|Canada
Fulton Mitchell|Lorem.ipsum.dolor@egetmassa.org|Ap #108-517 Massa. Avenue|Winnipeg|X7W 7S1|MB|Canada
Tanya Cannon|orci.lacus@semperNamtempor.org|Ap #778-717 Fringilla. Street|Minitonas|N1U 3V2|MB|Canada
Paul Snyder|vitae@nonmagna.com|P.O. Box 136, 4000 Amet St.|Stonewall|X1M 4B5|MB|Canada
Bruce Goff|ullamcorper@Crasdolordolor.com|Ap #253-6628 Mi Road|Winnipeg|F2V 7X8|MB|Canada
Maite Conley|commodo@mi.co.uk|2325 Phasellus Street|Brandon|B7H 2T6|MB|Canada
Gay Fry|dis.parturient@lorem.co.uk|5400 Suspendisse Street|Winnipeg|C2J 5S5|MB|Canada
Nell Fernandez|ante.Maecenas@urnaet.org|Ap #848-8455 Vestibulum Rd.|Winnipeg|N1I 4J2|MB|Canada
William Miller|tellus@nuncrisusvarius.co.uk|Ap #542-7326 Ligula. St.|Flin Flon|Q4Q 9H1|MB|Canada
Danielle Wilkinson|sem@Sedeget.com|Ap #431-7438 Dui. Ave|Beausejour|A2H 6B1|MB|Canada
Alvin Patton|Phasellus.ornare@eueuismodac.com|759 Ipsum Rd.|Minitonas|A5G 7A9|MB|Canada
Sierra Bradford|non.lobortis@mitempor.ca|6797 Metus. Av.|Brandon|A1K 7T7|MB|Canada
Fay Schroeder|non.justo@ipsumSuspendissesagittis.org|5485 Tellus. Rd.|Minitonas|O3E 6U0|MB|Canada
Leslie Hampton|justo.eu@Cumsociis.co.uk|Ap #117-5342 Bibendum Ave|Lourdes|G4D 9E0|MB|Canada
Jerry Blackwell|Mauris@risus.net|Ap #721-1045 Non, Rd.|Daly|T9A 3U5|MB|Canada
Tate Hickman|ac@Maurisvestibulum.edu|202-4615 Quam, Street|Minitonas|T7M 4T0|MB|Canada
Idola Whitney|ornare.egestas.ligula@dolorDonec.edu|Ap #882-6657 Nulla. Rd.|Minitonas|R6C 2I1|MB|Canada
Minerva Gray|sit.amet.faucibus@massaInteger.net|656-8637 Suspendisse St.|Minitonas|A4K 4M8|MB|Canada
Karly Drake|a.neque@Nuncquis.ca|904-9488 Cras Avenue|Winnipeg|Y5M 5J1|MB|Canada
Jescie Bender|sit.amet.lorem@necurna.ca|974-9180 In Rd.|Minitonas|P1F 1Q0|MB|Canada
Wyatt Murray|bibendum.sed.est@Curabiturvellectus.edu|Ap #102-2472 Leo. Rd.|Daly|X2Q 3B5|MB|Canada
Roanna May|dapibus@dis.edu|Ap #484-858 Phasellus Road|Flin Flon|N3A 8G9|MB|Canada
Melodie Walls|Aliquam@tellusimperdietnon.org|P.O. Box 532, 1949 Nunc St.|Minitonas|A3G 7G4|MB|Canada
Gavin Ray|orci.sem.eget@VivamusrhoncusDonec.ca|466-5720 Enim Road|Daly|K5Y 9W0|MB|Canada
Adena Hammond|mi.tempor.lorem@congue.net|703 Pede, Rd.|Minitonas|W3R 1T8|MB|Canada
Yen Ford|Aliquam.fringilla.cursus@tortornibh.co.uk|797-7238 Libero Road|Minitonas|H9N 7L9|MB|Canada
Jillian Houston|dis.parturient@uteratSed.edu|P.O. Box 278, 1626 Curabitur Road|Daly|V4I 5J3|MB|Canada
Colleen Perry|gravida@dignissim.com|P.O. Box 905, 2267 Amet, Av.|Brandon|X2Z 3X6|MB|Canada
Lacy Hurley|turpis.egestas.Aliquam@vehicularisus.net|861-5523 Vivamus Road|Brandon|V7R 9Y8|MB|Canada
Curran Maxwell|volutpat@urna.net|Ap #588-7031 Aliquam Avenue|Beausejour|P4A 6G2|MB|Canada
Pascale Stuart|amet@lectuspedeet.org|Ap #764-2572 Mauris St.|Beausejour|E1C 5Y6|MB|Canada
Emma Mcfarland|Aliquam.nisl@blanditNamnulla.ca|306-8845 Velit. Rd.|Beausejour|G1E 8P8|MB|Canada
Axel Horne|Nunc@cursusa.net|154-7841 Magna Road|Stonewall|D3Y 7B1|MB|Canada
Audrey Strickland|Etiam.laoreet.libero@magnatellusfaucibus.co.uk|4483 Interdum Ave|Brandon|Q1F 2I1|MB|Canada
Willow Gay|facilisis.magna.tellus@temporaugue.net|Ap #323-1890 Fermentum Street|Beausejour|E7N 5Z5|MB|Canada
Keelie Joyner|velit.Sed.malesuada@nectempusscelerisque.org|915-7656 Magna. Av.|Winnipeg|B8Z 7T4|MB|Canada
Troy Holder|hymenaeos.Mauris.ut@sodalesnisi.edu|Ap #410-1685 Nulla Street|Minitonas|R2G 2J4|MB|Canada
Garrison Carpenter|ac.arcu@Nullaeu.ca|P.O. Box 345, 783 Sagittis Road|Minitonas|N9L 8V1|MB|Canada
Keegan Malone|enim.consequat@Cumsociisnatoque.co.uk|P.O. Box 389, 8202 At Street|Daly|I6T 1X9|MB|Canada
Chava Hyde|nonummy.ipsum.non@ipsum.co.uk|P.O. Box 744, 6055 Gravida Avenue|Daly|C6W 2V9|MB|Canada
Skyler Roach|ornare@ligulaAenean.com|400 Tempor Rd.|Daly|K8L 6F2|MB|Canada
Grace Shaw|Cras.convallis.convallis@imperdietornareIn.ca|Ap #851-3223 Neque Rd.|Beausejour|E9K 1F1|MB|Canada
Angela Salinas|magna@dictum.ca|P.O. Box 280, 7217 Diam Avenue|Minitonas|X6N 5N5|MB|Canada
Yetta Rowe|sapien@Ut.edu|Ap #707-6038 Cursus Rd.|Beausejour|W8N 5R8|MB|Canada
Talon Harrison|tempus@enimnectempus.co.uk|5724 Phasellus Rd.|Beausejour|Q3R 8M4|MB|Canada
Leonard Garner|ac@sedsem.net|4515 Tristique Street|Lourdes|H6T 8G4|MB|Canada
Lacy Stephens|Ut.nec.urna@nuncsed.net|P.O. Box 116, 3069 Consequat Avenue|Beausejour|P4N 4B3|MB|Canada
Isabelle Bender|erat.Sed.nunc@facilisisvitae.edu|8403 Proin Avenue|Beausejour|F7Y 5S4|MB|Canada
Kevin Bates|sodales.purus@sitametfaucibus.co.uk|P.O. Box 239, 9127 Sagittis Av.|Beausejour|I7C 3X1|MB|Canada
Kareem Morse|Fusce.diam.nunc@Sedegetlacus.co.uk|P.O. Box 910, 3088 Egestas. Av.|Minitonas|W4M 8I3|MB|Canada
Evelyn Allison|lacus@metusIn.org|Ap #482-6146 Eu, Ave|Daly|N2P 6I5|MB|Canada
Georgia Ortiz|laoreet.libero@lacus.edu|Ap #838-8944 Risus, Rd.|Stonewall|K1Q 5X9|MB|Canada
Iona Buchanan|magnis.dis@utnisia.ca|P.O. Box 444, 7490 Neque St.|Minitonas|B1R 6M2|MB|Canada
Florence James|nec.quam@pharetra.com|5425 Quis Rd.|Daly|D5P 8H4|MB|Canada
Noah Barnett|Mauris.vestibulum.neque@Etiamimperdiet.com|4370 Tellus St.|Flin Flon|D1Z 3I3|MB|Canada
Marsden Mercado|dictum.eleifend.nunc@mattisornarelectus.net|3661 Pede. Street|Lourdes|S7H 2F1|MB|Canada
Winifred Frost|lacus@dui.net|606-2264 Faucibus. Rd.|Brandon|W4B 7L8|MB|Canada
Jelani Carey|non.enim.commodo@Fusce.co.uk|3784 Orci. Rd.|Beausejour|I7Z 6M3|MB|Canada
Kyle Dudley|pretium@sedfacilisisvitae.com|P.O. Box 696, 5583 Curabitur Road|Daly|H4S 9W2|MB|Canada
Octavia Mcintyre|litora@feugiat.edu|826-1348 Mattis. St.|Stonewall|J3U 9F1|MB|Canada
Damon Tate|libero.nec@nequeInornare.ca|523-2994 Metus. Street|Brandon|E2P 3W1|MB|Canada
Scarlet Medina|Sed@magna.co.uk|P.O. Box 321, 2763 Morbi Ave|Brandon|U3H 2D4|MB|Canada
Bradley Leonard|vitae.erat.Vivamus@commodoipsumSuspendisse.org|887-3854 Litora St.|Beausejour|Z8Z 4H2|MB|Canada
Halee Parker|vel@asollicitudinorci.net|5267 Auctor, Road|Winnipeg|N4R 6R9|MB|Canada
Dara May|a.neque@molestie.net|3174 Commodo St.|Stonewall|D6Q 2B4|MB|Canada
Mercedes Hardy|ac.mattis@a.edu|Ap #665-1174 Turpis Rd.|Brandon|O2M 5Q2|MB|Canada
Vanna Soto|est@porttitor.net|Ap #966-769 Elit, Rd.|Daly|L4U 6D1|MB|Canada
Thomas Steele|dolor@dignissimpharetraNam.co.uk|6517 Etiam St.|Beausejour|R1Q 4R7|MB|Canada
Xena Koch|natoque.penatibus@dictumplacerat.edu|Ap #682-8786 Lobortis. St.|Winnipeg|U8O 4L5|MB|Canada
Oliver Whitney|odio.Phasellus.at@uterat.ca|Ap #598-2136 Sed, Rd.|Lourdes|M4I 7G9|MB|Canada
Amity Tate|ultrices@vulputate.edu|263-4729 Eget Av.|Winnipeg|H4M 9A3|MB|Canada
Yuli Sharp|risus.at@sollicitudin.co.uk|582-2862 Dui. St.|Daly|F7E 8H3|MB|Canada
Rama Alston|diam.at@Sed.co.uk|453-6530 Integer Street|Brandon|F9Z 6E4|MB|Canada
Hermione Joyner|metus.urna@luctusut.net|Ap #921-8397 Sit Road|Daly|Z4A 3W3|MB|Canada
Lana Whitaker|ut.nisi.a@vestibulumneceuismod.co.uk|Ap #794-551 Pharetra Road|Winnipeg|E6I 5B9|MB|Canada
Elijah Mills|elit@eutellusPhasellus.co.uk|Ap #931-9979 Sed, Street|Stonewall|Z2T 6B5|MB|Canada
Hilel Pollard|magnis.dis@adipiscingelit.org|Ap #703-100 Scelerisque Avenue|Beausejour|P2K 2Z4|MB|Canada
Abra Valenzuela|faucibus.id.libero@a.ca|4749 Scelerisque Rd.|Daly|D6Y 7N9|MB|Canada
Noah Fisher|accumsan.convallis@lacusNullatincidunt.com|Ap #867-2614 Phasellus Road|Winnipeg|Y5Z 8A6|MB|Canada
Abbot Parrish|luctus@dolorsitamet.ca|6252 Proin Av.|Lourdes|T1H 3W7|MB|Canada
Ginger England|dignissim.lacus.Aliquam@estmauris.ca|2353 Primis Avenue|Minitonas|R5Y 1B7|MB|Canada
Deacon Garrison|elit.elit.fermentum@ultricesVivamusrhoncus.co.uk|P.O. Box 515, 7519 Et Rd.|Winnipeg|H1F 6V0|MB|Canada
Porter Farmer|pharetra.Quisque.ac@rutrumjusto.edu|897-5627 Augue Av.|Brandon|C5I 1I5|MB|Canada
Minerva Mcclure|conubia@Proinegetodio.ca|7434 Lectus Ave|Daly|Y5T 1Z4|MB|Canada
Mechelle Hall|Donec.at.arcu@ligulaNullamenim.net|7202 Enim. St.|Minitonas|F4U 9S6|MB|Canada
Stuart Rasmussen|ligula.elit.pretium@luctus.ca|P.O. Box 711, 8440 Ultricies Rd.|Beausejour|N9O 9S4|MB|Canada
Neve Griffin|ipsum.ac@idanteNunc.ca|1860 Lectus Street|Lourdes|L2R 5Y3|MB|Canada
David Fuentes|elit@feugiatSed.edu|P.O. Box 335, 5154 Consequat St.|Flin Flon|B1G 5F9|MB|Canada
Byron Hays|nibh.Donec.est@sitamet.com|882-8973 Mauris Av.|Winnipeg|I6W 6O0|MB|Canada
Edward Rice|Phasellus@aarcu.com|177-8123 Donec Av.|Minitonas|C8V 3B3|MB|Canada
Brooke Mcpherson|lectus.justo@anteblandit.org|550-9811 Pede Rd.|Daly|W3B 3D9|MB|Canada
Harriet Strickland|sem.semper@aliquetlobortisnisi.edu|Ap #543-4703 Adipiscing, St.|Stonewall|P8V 9X6|MB|Canada
Macon Parsons|Aliquam.nec@dapibusrutrum.edu|Ap #119-4586 Id, St.|Beausejour|F6U 7D7|MB|Canada
Kane Rodriguez|risus@lectussit.edu|128-4269 Natoque Av.|Beausejour|P8F 2I6|MB|Canada
Ivana Moore|rutrum@sedpedeCum.co.uk|P.O. Box 350, 5230 Semper, Street|Flin Flon|L7A 1S4|MB|Canada
Leila Nieves|est@infaucibusorci.edu|8267 Nulla Av.|Brandon|A2H 3F7|MB|Canada
Hu Estrada|pede.nonummy@metusAliquam.ca|455-2540 Natoque Rd.|Minitonas|I2D 6G4|MB|Canada
Elmo Mendoza|massa.Quisque.porttitor@ornaresagittisfelis.ca|Ap #523-2552 Semper Rd.|Brandon|R9D 5V9|MB|Canada
Martena Sykes|venenatis.a.magna@metus.ca|Ap #640-6989 Dolor. Av.|Beausejour|M6S 7Y9|MB|Canada
Teegan Crosby|sit.amet.risus@ametrisusDonec.org|767-5648 Fames Ave|Minitonas|P6V 3A0|MB|Canada
Kessie Mullins|adipiscing.Mauris.molestie@ametmassa.com|821-3437 Eu Rd.|Brandon|Q7U 4J4|MB|Canada
Cain Atkins|ut@nibhenimgravida.com|9209 Nostra, Avenue|Daly|G6O 5H1|MB|Canada
Daphne Langley|mattis.Integer.eu@urna.com|4564 Nullam Rd.|Stonewall|E5A 7U8|MB|Canada
Louis Knight|est@urna.com|409-3677 Elit. Av.|Beausejour|K5L 7K3|MB|Canada
Judah Love|tincidunt.congue@egestasadui.edu|842-7385 Facilisis Ave|Stonewall|U4V 4G2|MB|Canada
Dane Henson|mauris.blandit@facilisis.net|P.O. Box 148, 3142 Enim, Av.|Brandon|C6P 4Z9|MB|Canada
Allen Montgomery|at@dolor.ca|Ap #661-8373 Nulla Road|Winnipeg|X4D 3E8|MB|Canada
Anastasia Frye|sem.Pellentesque.ut@sempercursus.edu|P.O. Box 950, 4262 Diam. St.|Brandon|C4P 2L8|MB|Canada
Riley Waters|placerat@scelerisquelorem.net|P.O. Box 780, 1979 Odio Road|Stonewall|G4K 9A2|MB|Canada
Ifeoma Watts|pulvinar.arcu.et@nuncsit.edu|5416 Ligula St.|Stonewall|Y5M 9L8|MB|Canada
Yen Jimenez|Suspendisse.non.leo@sitametdiam.co.uk|Ap #186-912 Nulla. St.|Stonewall|X8N 3A2|MB|Canada
Solomon Mooney|luctus.lobortis.Class@egestas.com|914-3770 Vestibulum, Rd.|Stonewall|I2A 4E5|MB|Canada
Elizabeth Duncan|elit.erat@et.co.uk|529-5801 Sagittis Ave|Beausejour|D4T 7L8|MB|Canada
Quemby Erickson|mi.pede@ante.ca|P.O. Box 179, 7763 Metus. Street|Daly|W1H 2Z6|MB|Canada
Odysseus Park|volutpat.Nulla.dignissim@Suspendissenonleo.org|P.O. Box 933, 7943 Lacus. Street|Minitonas|Z2L 3R0|MB|Canada
Jerome Pittman|varius@bibendum.edu|899-3336 Nulla Rd.|Beausejour|B7H 3W0|MB|Canada
Tucker Gibbs|blandit.enim.consequat@erosNam.edu|471-7215 Magna Road|Beausejour|E5O 4M3|MB|Canada
Cheryl Hunt|a@magna.ca|7335 Aliquet. Road|Flin Flon|U7W 3R1|MB|Canada
Bruno Banks|in.cursus.et@necanteblandit.edu|P.O. Box 996, 3171 Dui Av.|Winnipeg|I2B 7J4|MB|Canada
Hilda Schmidt|tellus.id.nunc@nonmassanon.edu|P.O. Box 412, 8783 Mi St.|Winnipeg|Z6T 4N4|MB|Canada
Jamalia Barr|egestas.Duis.ac@ategestasa.net|161-4527 Velit. Rd.|Stonewall|E6K 4P6|MB|Canada
Lael Macdonald|velit.Pellentesque.ultricies@rhoncusidmollis.co.uk|Ap #713-5738 Praesent Av.|Beausejour|J3D 6P0|MB|Canada
Karen Palmer|nonummy.ac.feugiat@condimentumegetvolutpat.ca|463-7452 Turpis Avenue|Lourdes|S7F 2U6|MB|Canada
Dominic Walker|In.lorem.Donec@Quisque.ca|523-1790 Fermentum Road|Minitonas|P9T 2R3|MB|Canada
Shana Beard|accumsan@Aeneanegestashendrerit.ca|Ap #156-4412 Odio Rd.|Minitonas|U2L 1O1|MB|Canada
Lana Lawrence|lectus.sit@imperdietdictummagna.org|260-5781 Fringilla. Street|Stonewall|D9W 5L0|MB|Canada
Sean Lowe|parturient@nasceturridiculus.net|Ap #975-8833 Nulla. Road|Beausejour|V2R 5E0|MB|Canada
Ishmael Hays|natoque.penatibus@mi.ca|7028 Enim. Avenue|Beausejour|W1U 3F3|MB|Canada
Rama Hunter|erat.vel@arcuNunc.co.uk|951-372 Donec Rd.|Stonewall|U9O 2M5|MB|Canada
Pearl Beard|velit.eu@mauriserat.com|P.O. Box 649, 3082 Vitae Av.|Minitonas|T7G 7Q9|MB|Canada
Callum Gallegos|tristique.senectus.et@diamat.org|605-391 Amet, Road|Winnipeg|W8F 4U2|MB|Canada
Brian Hughes|accumsan.neque@congueturpis.net|2282 Ipsum. Avenue|Stonewall|L3O 6Y8|MB|Canada
Ila Baldwin|risus.Donec.egestas@lectuspede.net|P.O. Box 422, 6428 Arcu. St.|Daly|M2H 9M8|MB|Canada
Trevor Cox|vel.nisl@mattissemper.edu|Ap #447-1851 Metus. Road|Minitonas|H9F 2T4|MB|Canada
Jamalia Mcmillan|lacus.Etiam@etmagnisdis.org|4432 Posuere Ave|Daly|L1R 6K3|MB|Canada
Lenore Hill|molestie.in.tempus@Uttincidunt.co.uk|P.O. Box 591, 5141 Aliquam Avenue|Minitonas|V4H 3A6|MB|Canada
Marcia Vega|odio@fringilla.edu|3218 Et, Av.|Stonewall|F6O 9L9|MB|Canada
Cherokee Heath|congue@tempus.net|P.O. Box 326, 5531 Fusce Rd.|Winnipeg|J9R 3A2|MB|Canada
Blossom Raymond|est.tempor@vulputatedui.org|266 Ante Rd.|Lourdes|N5R 4K9|MB|Canada
Galena Carpenter|Donec@iaculislacus.ca|Ap #598-5692 Diam. Av.|Daly|G5N 8M7|MB|Canada
Francis Moses|sit@vitae.edu|Ap #166-7336 Ante Rd.|Beausejour|X4P 4L6|MB|Canada
Rajah Vasquez|laoreet.libero.et@Proinvelit.com|785-6776 Proin Road|Daly|I8J 9J9|MB|Canada
Inez Mullins|augue.porttitor.interdum@lorem.net|P.O. Box 908, 9287 Tellus, Avenue|Beausejour|B8J 7Y0|MB|Canada
Hunter Dale|aliquam.eu@nibhAliquam.co.uk|Ap #379-7057 Bibendum Av.|Lourdes|D5T 5H4|MB|Canada
Hayfa Pollard|luctus@bibendumfermentum.org|Ap #190-7296 Adipiscing, St.|Minitonas|X3M 1F4|MB|Canada
Yeo Bradford|ultrices@nasceturridiculus.ca|P.O. Box 735, 4443 Nec, Street|Daly|R3W 3Q5|MB|Canada
Nita Adkins|purus.gravida.sagittis@metuseuerat.net|5050 Orci Road|Stonewall|T1G 4E9|MB|Canada
Clarke Velasquez|a.feugiat.tellus@quisturpisvitae.com|974-1587 Mollis St.|Winnipeg|B6B 4U7|MB|Canada
Melodie Wolfe|Nunc@est.com|734-3010 Eget, Road|Stonewall|A9K 5S9|MB|Canada
Suki Ratliff|egestas.blandit@Donec.ca|155-5270 Integer Street|Daly|I8P 6U7|MB|Canada
Kyle Elliott|In.nec.orci@dignissimMaecenasornare.co.uk|3662 Donec Avenue|Winnipeg|A8N 3O8|MB|Canada
Zane Reed|arcu.Curabitur@nullaat.net|P.O. Box 512, 2490 Semper Avenue|Daly|S3P 1Q6|MB|Canada
Tatiana Mcgowan|adipiscing.lobortis@sed.net|659-8274 Et, St.|Flin Flon|I4S 3G0|MB|Canada
Aline Franks|libero.lacus.varius@tempus.edu|P.O. Box 716, 8801 Nec St.|Stonewall|L4Z 6X2|MB|Canada
Grace Lewis|quam.quis@ipsumPhasellus.co.uk|115-7511 Ut Av.|Beausejour|D7S 4J5|MB|Canada
Julie Nelson|sit@semeget.net|516-791 Ac Rd.|Winnipeg|L2G 6V1|MB|Canada
Kiona Shaw|Aliquam.fringilla@adipiscing.net|882-880 Molestie St.|Beausejour|L7B 8R8|MB|Canada
Gemma Gibson|Donec@sitamet.co.uk|Ap #143-7224 Eu St.|Minitonas|Q2A 1Q0|MB|Canada
Amela Manning|at@orciDonec.com|9739 Non, Rd.|Stonewall|F4Z 6F0|MB|Canada
Stephen Rich|enim@amet.com|Ap #790-9359 A, Road|Stonewall|P2P 6V6|MB|Canada
Latifah Joyce|Phasellus.nulla@ornare.net|P.O. Box 519, 9676 Nisi Rd.|Lourdes|R7D 4O1|MB|Canada
Blaze Blankenship|vel.pede@Lorem.com|P.O. Box 825, 6295 Pede. St.|Flin Flon|V8Q 4Q5|MB|Canada
Georgia Rosario|Aenean@musAenean.edu|P.O. Box 185, 3141 Gravida Rd.|Brandon|Q6O 7B5|MB|Canada
Noble Slater|Quisque.libero.lacus@imperdietdictum.co.uk|Ap #755-2467 Adipiscing Avenue|Minitonas|F6I 3L9|MB|Canada
Erica Carney|nec.urna@diamProin.ca|2860 Quis Avenue|Stonewall|E2N 3H8|MB|Canada
Samuel Lancaster|dis.parturient@nonummyipsumnon.co.uk|P.O. Box 607, 875 Nec, Avenue|Brandon|L8Q 4I3|MB|Canada
Magee Warren|aliquam.arcu@egetmetus.org|4383 Nunc Ave|Brandon|I5Z 3K2|MB|Canada
Noelani Hughes|nulla.at.sem@inconsectetueripsum.org|Ap #644-1185 Ligula. St.|Minitonas|J2C 3G6|MB|Canada
Holmes Castillo|quam.a@tortor.ca|454-2271 Vulputate, Street|Daly|H1P 9X0|MB|Canada
September Blake|arcu@nonduinec.co.uk|P.O. Box 870, 989 Nunc Rd.|Minitonas|C6H 7F3|MB|Canada
Lavinia Morgan|iaculis@eueuismodac.ca|468-1672 Proin Avenue|Winnipeg|C1H 5L5|MB|Canada
Leslie Warren|In@hendrerit.com|P.O. Box 460, 9574 Diam. Ave|Winnipeg|K8W 5Q9|MB|Canada
Finn Guthrie|ante.Maecenas@in.ca|196-8955 Eu Av.|Minitonas|Y6V 5B9|MB|Canada
Olivia Blake|rutrum.eu.ultrices@acipsumPhasellus.ca|Ap #346-4997 Sem St.|Minitonas|K1F 4N1|MB|Canada
Dante Maxwell|suscipit@actellusSuspendisse.net|Ap #117-453 Non Street|Lourdes|G6F 5T0|MB|Canada
Freya David|taciti@habitantmorbi.edu|P.O. Box 177, 6244 Blandit Rd.|Beausejour|R8J 4C8|MB|Canada
Lillian Norman|dictum.magna@pellentesque.net|220-1516 Massa. Av.|Brandon|C8K 6V4|MB|Canada
Amir Elliott|elit@morbitristiquesenectus.ca|813-9844 Nam Rd.|Flin Flon|P1N 7E1|MB|Canada
Adena Reeves|ultrices@Vestibulum.ca|Ap #719-1984 Sed, St.|Brandon|S7Q 1W7|MB|Canada
Damon Hansen|sem@sociis.net|P.O. Box 579, 967 Tortor, Avenue|Minitonas|E5Q 6H6|MB|Canada
Malcolm Dejesus|Sed.nec.metus@Quisqueporttitoreros.edu|P.O. Box 863, 2181 Sodales Avenue|Brandon|J3A 1Y1|MB|Canada
Xandra Lester|Sed.neque.Sed@elitAliquam.edu|963-2589 Orci Rd.|Brandon|T6L 9E5|MB|Canada
Yoko Cortez|convallis@egestasFusce.net|7172 Eleifend Ave|Brandon|G3L 4D6|MB|Canada
Lana Raymond|Duis.risus.odio@dictum.org|Ap #236-3082 Mauris St.|Beausejour|Q2Z 2O9|MB|Canada
Murphy Branch|facilisis.non.bibendum@non.co.uk|Ap #790-4855 Ullamcorper. Rd.|Brandon|Z6D 6I8|MB|Canada
Rosalyn Dyer|sit.amet@pharetranibh.net|P.O. Box 403, 5010 Nisl Rd.|Brandon|B9A 8D3|MB|Canada
Zena Jordan|elit.pharetra.ut@dignissimmagna.edu|724 Eu Road|Lourdes|M4C 2E5|MB|Canada
Libby Howard|urna.suscipit.nonummy@egestasascelerisque.org|152-1016 Netus Rd.|Lourdes|H2S 8G0|MB|Canada
Beatrice Travis|Curabitur.vel@egestasligula.co.uk|Ap #179-7081 Pede. Ave|Winnipeg|V1K 2B4|MB|Canada
Cullen Banks|mi.pede@sagittisNullam.com|7760 Duis Avenue|Beausejour|I1J 6C4|MB|Canada
Whilemina Berry|tempus@sed.co.uk|Ap #358-9115 Dictum Av.|Lourdes|W4A 6B1|MB|Canada
Victoria Gonzalez|mus@tellussem.org|587-1822 Purus, St.|Lourdes|W7F 8N9|MB|Canada
Fiona Pena|Sed@nequesedsem.co.uk|2451 Lectus St.|Daly|M8M 1C3|MB|Canada
Dora Duran|mauris@ac.edu|P.O. Box 804, 6028 Ut, Av.|Stonewall|D6C 3Y6|MB|Canada
Carter Dodson|neque.venenatis.lacus@scelerisque.ca|P.O. Box 283, 5010 Nibh Rd.|Stonewall|D1K 3X6|MB|Canada
Trevor Workman|varius.orci.in@Maurisnon.com|344-6580 Pede Av.|Minitonas|I5W 5G4|MB|Canada
Aristotle Navarro|mattis.semper@inconsectetuer.net|P.O. Box 106, 6462 Sapien, Ave|Flin Flon|Q5E 8T6|MB|Canada
Mason Blankenship|lorem@In.ca|Ap #614-2370 Neque Av.|Lourdes|X4S 3S3|MB|Canada
Charity Gould|Integer.sem@dui.ca|5442 Ante St.|Winnipeg|V2W 9D4|MB|Canada
Branden Hampton|risus@aliquameu.co.uk|257-9060 Cum Rd.|Brandon|Z4S 8Y2|MB|Canada
Caryn Rivera|Phasellus.nulla.Integer@Aeneansed.co.uk|1323 Metus Ave|Stonewall|P8L 7T9|MB|Canada
Sheila Mcclure|enim.Etiam@eratvolutpat.com|P.O. Box 674, 6384 Magna. Av.|Brandon|Z6H 5B4|MB|Canada
Amos Mclean|tempus@metusfacilisislorem.net|Ap #922-6363 Montes, St.|Flin Flon|P4W 3G9|MB|Canada
Darrel Bruce|ornare@dapibusligulaAliquam.edu|P.O. Box 583, 8603 Mi Rd.|Minitonas|K4J 5B0|MB|Canada
Teagan Wilkins|Morbi.metus.Vivamus@pedeultrices.org|4553 Nullam Ave|Lourdes|O7V 2R4|MB|Canada
Brent Floyd|urna@sem.net|P.O. Box 689, 5941 Euismod Rd.|Brandon|F1I 8F8|MB|Canada
Justin Byrd|quam@luctusvulputate.org|Ap #680-9121 Dignissim Rd.|Winnipeg|G4H 1J7|MB|Canada
Brian Cooke|est.vitae@euturpis.net|P.O. Box 386, 3351 Felis. Street|Daly|Z4R 2B2|MB|Canada
Ariana Rowe|cursus.et@nonlacinia.co.uk|9493 Auctor, Ave|Brandon|V2V 4U7|MB|Canada
Jael Pena|ac@massaIntegervitae.co.uk|196-6746 Dolor, Av.|Lourdes|M3P 7I9|MB|Canada
Micah Ellison|magna.Duis.dignissim@rutrumnonhendrerit.co.uk|Ap #565-9746 Eu Rd.|Beausejour|M8X 3W8|MB|Canada
Chester Ryan|nec.imperdiet@fringillacursuspurus.co.uk|P.O. Box 838, 232 Mattis. St.|Minitonas|X1Z 3C6|MB|Canada
Tarik Gillespie|nisl@varius.ca|Ap #808-2006 Vestibulum Rd.|Daly|P5G 2A2|MB|Canada
Darryl Sherman|orci.Phasellus.dapibus@nec.edu|700-4097 Natoque Street|Lourdes|K1G 5W2|MB|Canada
Kenneth Morrow|justo.eu.arcu@faucibusutnulla.edu|Ap #974-5284 Odio Ave|Beausejour|J9K 9T5|MB|Canada
Branden Avila|Cras.convallis@accumsanconvallis.net|P.O. Box 707, 8834 Ac Avenue|Winnipeg|W4U 3B1|MB|Canada
Kimberley Blake|Sed.eu.eros@loremsemperauctor.com|P.O. Box 166, 8844 Orci Road|Flin Flon|N7A 3R5|MB|Canada
Lynn Lee|eu.tellus.eu@gravidasagittis.edu|1725 Eget St.|Flin Flon|B5I 1F1|MB|Canada
Gwendolyn Mueller|Donec.tempus.lorem@at.net|P.O. Box 247, 8912 Malesuada Road|Beausejour|G2B 6J1|MB|Canada
Camilla Pearson|sociis.natoque.penatibus@vitaeeratVivamus.edu|Ap #628-7263 Adipiscing Av.|Flin Flon|G7N 4O6|MB|Canada
Uma Maynard|natoque.penatibus@enim.com|5088 Tellus Rd.|Brandon|B2G 2I1|MB|Canada
Owen Mccoy|lorem@consectetuerrhoncusNullam.ca|558 Non Rd.|Lourdes|P4F 5A8|MB|Canada
Francis Bryan|feugiat.Sed.nec@etlibero.com|885-3699 Curabitur Ave|Lourdes|E4Z 9X7|MB|Canada
Duncan Woodard|Vestibulum.ut@musProinvel.org|Ap #794-7193 Viverra. Avenue|Stonewall|X8F 4S2|MB|Canada
Tanisha Warren|eget.ipsum@nunc.org|Ap #468-9070 Bibendum Street|Minitonas|R8L 2S8|MB|Canada
Carson Russo|id.enim@Aenean.ca|Ap #129-6888 Eget St.|Minitonas|Q1K 3U1|MB|Canada
Tanner Dunn|semper@laoreetlectus.com|632-5106 Etiam St.|Stonewall|T6X 4A8|MB|Canada
Geoffrey Herman|libero.et@tristiquealiquet.net|P.O. Box 479, 4033 At Street|Brandon|U9D 4Z8|MB|Canada
Oliver Huffman|ad@malesuadaaugue.com|838-4951 Orci St.|Winnipeg|U8Y 1M4|MB|Canada
Nerea Pruitt|rhoncus.Donec@tortorNunccommodo.edu|659-9865 Enim Avenue|Stonewall|A3N 2T9|MB|Canada
Fatima Cook|neque.et@Sedpharetrafelis.ca|443-2660 Iaculis Rd.|Stonewall|Z6L 4L9|MB|Canada
Chaney Dunlap|lacinia.orci@acmattisvelit.edu|Ap #860-1427 Dis Rd.|Winnipeg|I3X 8W8|MB|Canada
Jada Rutledge|dapibus@Quisquenonummyipsum.net|8213 Cursus Rd.|Flin Flon|H2P 8P8|MB|Canada
Darius Mcclure|Integer.in.magna@magnisdisparturient.com|P.O. Box 140, 9939 Molestie St.|Flin Flon|C7E 6M0|MB|Canada
Jamal Mcfadden|ipsum.Suspendisse@necenimNunc.org|Ap #431-6044 Consectetuer Av.|Beausejour|N7G 2Q0|MB|Canada
Christen Ross|arcu@Suspendisse.co.uk|P.O. Box 732, 2391 Cras Ave|Stonewall|D5D 3O1|MB|Canada
Maile Potts|ultrices@ligulaNullamfeugiat.co.uk|786-3446 Libero. St.|Lourdes|N3F 1Q8|MB|Canada
Chester Bolton|ligula.consectetuer@Donec.co.uk|Ap #844-5111 Donec Road|Brandon|R9N 8Q7|MB|Canada
Jacob Blackwell|semper.Nam.tempor@cursusvestibulum.net|4237 Ac Rd.|Daly|Y6Z 4K3|MB|Canada
Stacey Foster|egestas@odiosagittissemper.com|616-5357 Quam Rd.|Stonewall|I2U 7W6|MB|Canada
Aspen Mccarthy|cursus@Nullamut.org|369-4779 Accumsan Street|Daly|P5L 1H8|MB|Canada
Risa Payne|dui.semper@nulla.ca|P.O. Box 666, 8524 Orci Rd.|Stonewall|M6B 8E5|MB|Canada
Colette Garza|non.enim@luctuset.org|P.O. Box 723, 5334 Vestibulum St.|Winnipeg|F1G 6H7|MB|Canada
Cleo Guthrie|sed@nuncac.co.uk|713-2922 Lorem Av.|Brandon|F9P 3O4|MB|Canada
Geraldine Collier|ridiculus.mus.Proin@Aliquamadipiscinglobortis.edu|Ap #638-5320 Faucibus Street|Winnipeg|X1P 2T1|MB|Canada
Patrick Brooks|dignissim.Maecenas.ornare@etliberoProin.edu|Ap #104-5309 Vulputate Rd.|Stonewall|A6H 4G5|MB|Canada
Nora Wells|orci@nisl.ca|9611 Cursus Rd.|Brandon|I1Z 9P5|MB|Canada
Brenda Elliott|egestas@tempor.net|7300 Et, Ave|Minitonas|I5M 9G4|MB|Canada
Quamar Chase|Aenean.eget@Duisvolutpatnunc.ca|P.O. Box 461, 6159 Semper Road|Beausejour|X5U 8Z7|MB|Canada
Nell Morse|nunc.sed.pede@Craseget.com|Ap #469-6933 Consequat Street|Stonewall|M9U 2W5|MB|Canada
Gemma Hensley|Etiam.imperdiet.dictum@dolor.org|417-6371 Est Av.|Winnipeg|X9X 1J5|MB|Canada
Charlotte Porter|at.nisi.Cum@sitamet.co.uk|Ap #612-9002 Sagittis. St.|Brandon|X1M 6L1|MB|Canada
Haley Mcbride|lacus@et.edu|Ap #971-4940 Duis Ave|Brandon|O5T 8V3|MB|Canada
Colton Charles|eros@sollicitudinamalesuada.org|P.O. Box 902, 7024 Duis Road|Flin Flon|B7J 6I2|MB|Canada
Lynn Atkins|vulputate.mauris.sagittis@molestieorci.co.uk|8210 Tristique Avenue|Beausejour|U2G 5E7|MB|Canada
Hannah Thornton|dictum.eleifend.nunc@Aliquam.co.uk|Ap #110-8867 At, Av.|Flin Flon|F9B 6Y9|MB|Canada
Sonya Kane|cursus.purus.Nullam@aliquamenim.net|447-6371 Ornare Ave|Flin Flon|N4Y 5K7|MB|Canada
Lucas Rios|massa@enimgravidasit.edu|P.O. Box 938, 443 Orci, St.|Lourdes|T7P 3T4|MB|Canada
Natalie Newton|ante.iaculis.nec@Fusce.com|Ap #593-5332 Dictum Rd.|Lourdes|R9H 1J9|MB|Canada
Cole Ratliff|vitae.orci.Phasellus@non.org|P.O. Box 653, 6009 Pede. Avenue|Stonewall|I7F 3Q2|MB|Canada
Angelica Morse|turpis@mattissemperdui.net|8621 A, Ave|Beausejour|B7C 6F6|MB|Canada
Preston Goodwin|erat.volutpat@libero.co.uk|7096 Nisl Street|Beausejour|M4V 4O4|MB|Canada
Jillian Hunt|consequat.purus@auctorodioa.ca|Ap #734-2785 Vitae, Avenue|Beausejour|T5Q 8D5|MB|Canada
Olga Brown|Nunc.lectus@afacilisisnon.org|P.O. Box 760, 7510 Vehicula. St.|Winnipeg|S1N 9W2|MB|Canada
Jolie Oneill|auctor@ac.ca|615-4630 Magna Avenue|Flin Flon|W9D 4P3|MB|Canada
Quynn Wilkerson|tristique.aliquet@enim.org|P.O. Box 259, 4849 Felis. Road|Minitonas|F6A 4I7|MB|Canada
Lucy Roach|felis.ullamcorper.viverra@semconsequatnec.net|Ap #577-4679 Id Avenue|Lourdes|L8L 9L8|MB|Canada
Joelle Ramirez|malesuada@dictum.co.uk|8599 Ultrices Rd.|Daly|S2S 7H1|MB|Canada
Juliet Guerra|egestas.urna@dictumcursus.com|4691 Donec Road|Winnipeg|S8F 6J7|MB|Canada
Marcia Todd|egestas.hendrerit.neque@Proinegetodio.edu|P.O. Box 807, 2329 Aenean Av.|Brandon|I7A 4I7|MB|Canada
Wanda Whitley|semper.pretium@scelerisquesedsapien.edu|6713 Nec Street|Stonewall|V4M 2D9|MB|Canada
Magee Houston|amet@elitpretiumet.org|Ap #947-4920 Aliquet Rd.|Minitonas|I4M 2Q2|MB|Canada
Mercedes Fitzgerald|urna@dignissimlacusAliquam.co.uk|P.O. Box 518, 8412 Non, Ave|Daly|K7G 7N9|MB|Canada
Petra Thompson|Sed@orci.edu|3401 Sapien. Rd.|Minitonas|P3Y 3F4|MB|Canada
Macaulay Spears|ultricies@mollis.com|1904 Magnis Rd.|Winnipeg|C9C 8A5|MB|Canada
Rhea Norris|eget.laoreet.posuere@arcuVivamus.co.uk|Ap #907-5424 Duis Ave|Brandon|N5T 6C6|MB|Canada
Eugenia Taylor|fringilla@tempusnon.com|P.O. Box 947, 5161 Per Rd.|Brandon|S9Z 2T1|MB|Canada
Mona Jordan|feugiat.Sed.nec@egestasFusce.ca|P.O. Box 585, 7208 Penatibus Rd.|Flin Flon|Y2H 5A8|MB|Canada
Stacy Abbott|malesuada.fames@est.edu|5871 Nunc Road|Stonewall|M5W 6K3|MB|Canada
Darrel Holmes|eu.erat.semper@vulputaterisusa.ca|307-2817 Quisque Street|Daly|H2S 9I2|MB|Canada
Adam Flowers|Sed@vulputatelacusCras.ca|P.O. Box 704, 5859 Duis Rd.|Minitonas|E4R 5I2|MB|Canada
Upton Mason|erat@Sed.edu|P.O. Box 785, 5058 Magna Rd.|Flin Flon|T8T 1C0|MB|Canada
Josiah Berger|cursus.non.egestas@vestibulumneceuismod.com|Ap #443-3415 At St.|Brandon|X9A 9R6|MB|Canada
Faith Leon|hendrerit.consectetuer.cursus@Quisquelibero.com|298-8961 Enim. St.|Flin Flon|O1P 7V0|MB|Canada
Neve Hardy|Curabitur.consequat@sedfacilisisvitae.net|635-9852 Et St.|Winnipeg|U8Y 4F2|MB|Canada
Claudia Murray|Nullam@sodalespurus.ca|355-6984 Laoreet Street|Stonewall|E3X 6N7|MB|Canada
Cadman Osborn|quis.tristique@egetodio.co.uk|114-4209 A Road|Minitonas|B3V 4X8|MB|Canada
Cain Mosley|turpis@eutellus.com|992-3925 Arcu. Avenue|Daly|K5F 8V8|MB|Canada
Desiree Charles|ipsum@Maurisquis.co.uk|9195 Mauris Street|Flin Flon|Q9W 1Y2|MB|Canada
Mona Dyer|augue@cursus.ca|734-3160 Sapien. St.|Minitonas|F7S 2B6|MB|Canada
Beau Ellison|In.condimentum.Donec@egetmetusIn.net|Ap #928-5998 Pede Rd.|Brandon|W7Y 2R8|MB|Canada
Leigh Mcdowell|porttitor.interdum@fringillapurus.edu|P.O. Box 702, 5685 Semper Rd.|Winnipeg|P3P 9Y9|MB|Canada
Palmer Fowler|commodo.hendrerit.Donec@tortoratrisus.ca|470-2432 Ipsum Rd.|Daly|R3G 3F8|MB|Canada
Inga Snider|euismod.ac@enim.com|321-1501 Non St.|Beausejour|W4Q 1A2|MB|Canada
Plato Williamson|tortor.Nunc@purusin.net|703-9941 Pede. Road|Stonewall|P9S 8J9|MB|Canada
Dante Foley|enim.non@euismodenimEtiam.org|9002 Nunc St.|Brandon|M7C 9Y2|MB|Canada
Ruby Riddle|Nullam@asollicitudin.org|602-9468 Adipiscing Rd.|Lourdes|B2I 4O9|MB|Canada
Walker Evans|massa.non@Crasvulputate.com|P.O. Box 432, 5609 Facilisis, Street|Daly|Q2W 7X7|MB|Canada
Britanni Key|aliquet@telluslorem.ca|4013 Vitae St.|Brandon|W3P 3W5|MB|Canada
Lucius Sawyer|non@dui.org|4843 Leo. Street|Flin Flon|J7P 6V9|MB|Canada
Amy Carr|eleifend.egestas.Sed@inceptoshymenaeosMauris.org|Ap #986-665 Arcu Street|Beausejour|E7Q 3X5|MB|Canada
Oscar Pollard|a.odio.semper@posuereenim.co.uk|188-3440 Dui. Ave|Winnipeg|M5E 7K6|MB|Canada
Maxine Blair|rhoncus.Nullam@aptent.net|P.O. Box 634, 5434 Vel, Av.|Beausejour|S7V 3R8|MB|Canada
Zoe Carey|neque.pellentesque@consequatlectussit.org|P.O. Box 962, 4346 Adipiscing, Avenue|Beausejour|D9F 6A5|MB|Canada
Freya Mcclure|id.blandit@utmolestiein.ca|Ap #519-6831 Nunc St.|Stonewall|G1N 3Q0|MB|Canada
Aurelia Molina|gravida.molestie@In.com|7786 Ipsum. Street|Lourdes|P4N 7H9|MB|Canada
Courtney Roy|vitae.nibh@nec.co.uk|P.O. Box 914, 5531 Laoreet Avenue|Minitonas|D8W 2I3|MB|Canada
Jane Daniels|tempor.est.ac@rutrum.net|329-3783 Sed Avenue|Lourdes|M6W 8K6|MB|Canada
Ferris Klein|Nulla.semper.tellus@gravidasit.edu|2782 Augue St.|Lourdes|K8G 6S8|MB|Canada
Benjamin Jennings|eu.augue.porttitor@ac.edu|P.O. Box 246, 2829 Nec Ave|Minitonas|B2V 9N0|MB|Canada
Ignatius Greene|lacus.Aliquam.rutrum@velit.co.uk|7539 Risus. St.|Beausejour|L1S 7X9|MB|Canada
Delilah Campbell|dolor.Quisque@turpis.net|379-5097 Erat. St.|Minitonas|T4B 5Q2|MB|Canada
Neve Richard|Aenean.euismod@urnaUttincidunt.net|250-2575 Ac Av.|Daly|Y5Z 1L7|MB|Canada
Aline Rasmussen|Lorem.ipsum.dolor@nisinibhlacinia.org|294-413 Cras Rd.|Lourdes|D5O 5U0|MB|Canada
Gail Lee|ultrices@elit.co.uk|896-2372 Dictum Rd.|Winnipeg|I1W 7F1|MB|Canada
Nero Lee|erat.Vivamus.nisi@idblandit.ca|P.O. Box 143, 9050 Parturient Rd.|Flin Flon|T1L 1H4|MB|Canada
Liberty Hinton|velit.eu@temporarcuVestibulum.edu|867-8782 Cum St.|Stonewall|E3G 5D4|MB|Canada
Tatyana Mueller|tempus@ultricessitamet.org|P.O. Box 847, 8493 Faucibus Street|Minitonas|J7A 6V9|MB|Canada
Dean Rasmussen|varius.et@ipsumleoelementum.net|Ap #441-469 In St.|Daly|A1M 4W3|MB|Canada
Jamal Bryan|et@Morbiquis.edu|P.O. Box 732, 4884 Fusce Avenue|Minitonas|F7W 4N6|MB|Canada
Robin Day|Praesent.interdum@Quisque.edu|889-4683 Tristique St.|Lourdes|V2Q 5P6|MB|Canada
Giselle Cooley|tellus.lorem.eu@pharetranibhAliquam.org|783-2283 Sed Rd.|Lourdes|R4C 8D5|MB|Canada
Teagan Watkins|Vivamus.nisi@magna.org|P.O. Box 821, 2660 Magna Rd.|Brandon|A6I 4M7|MB|Canada
Madeline Lowe|urna.Vivamus@imperdietnonvestibulum.co.uk|5848 Consectetuer Avenue|Daly|J2E 7Y4|MB|Canada
Kimberley Nguyen|arcu@egetmassaSuspendisse.net|600-3729 Amet, Av.|Stonewall|Z7F 4U0|MB|Canada
Lois Battle|nunc.risus@feugiat.com|9481 Morbi Road|Beausejour|Z8W 9P4|MB|Canada
Ira Benson|Phasellus.vitae@pharetraQuisqueac.edu|277-8251 Orci, Ave|Winnipeg|B8O 9F1|MB|Canada
Naomi Bryant|eu.dui.Cum@nasceturridiculusmus.co.uk|P.O. Box 893, 3964 Ut Avenue|Daly|P8J 1U3|MB|Canada
Yuri Hernandez|lorem@molestieSedid.ca|291-7030 Nunc Avenue|Daly|I2N 8J3|MB|Canada
Perry Haley|est.ac@nislMaecenasmalesuada.co.uk|6194 Risus. St.|Beausejour|Y7G 9P6|MB|Canada
Montana Mejia|egestas.lacinia@tellus.net|2711 Fringilla, Road|Daly|N3N 5T7|MB|Canada
Jerome Burns|vel.pede.blandit@egestasligula.com|968-7121 Elementum St.|Flin Flon|R9P 8Z4|MB|Canada
Violet Yates|semper.erat@liberonec.co.uk|P.O. Box 254, 7053 Lobortis Av.|Daly|P4Z 1K2|MB|Canada
Wallace Wade|cursus.purus.Nullam@egestasblanditNam.com|P.O. Box 230, 1507 Ipsum Ave|Flin Flon|A7E 4S8|MB|Canada
Dahlia Boyd|at.auctor.ullamcorper@a.co.uk|182-4293 Duis Rd.|Daly|A8H 2Z0|MB|Canada
Baxter Mayo|elementum.lorem.ut@quamelementumat.net|976-9769 Tempor Avenue|Beausejour|N2Y 7H0|MB|Canada
Blythe Miranda|Praesent.eu.dui@metusurna.co.uk|2623 Et Rd.|Stonewall|Q4X 1M3|MB|Canada
Hanna Delgado|imperdiet.ornare.In@Incondimentum.com|Ap #664-6988 Diam St.|Brandon|M6A 5Z9|MB|Canada
Yvonne Glover|amet.nulla@Nullamut.ca|P.O. Box 632, 3460 Urna. Rd.|Minitonas|C2Y 6E2|MB|Canada
Kyle Bright|vitae@ridiculus.ca|Ap #653-3677 Vel Ave|Stonewall|U4D 5Z8|MB|Canada
Flynn Hale|nascetur@facilisislorem.ca|4349 Et Ave|Beausejour|V4Z 1Y3|MB|Canada
Lisandra Gonzalez|magna@necimperdietnec.ca|P.O. Box 792, 6692 Massa Street|Stonewall|L8T 2N3|MB|Canada
Montana Hernandez|velit@mi.com|8927 Nec, Av.|Minitonas|F8M 9P9|MB|Canada
Martha Dorsey|gravida.non.sollicitudin@lobortis.co.uk|Ap #500-8215 Faucibus Road|Flin Flon|W2E 2I9|MB|Canada
Shana Zimmerman|Aliquam.nec.enim@mi.org|P.O. Box 451, 6250 A, Rd.|Stonewall|B4N 9I4|MB|Canada
Iola Fuller|vestibulum.massa@dictumultriciesligula.org|344-331 Faucibus. Road|Lourdes|E1N 8N3|MB|Canada
Abra Cotton|rutrum.eu@Maurisutquam.edu|Ap #424-4335 Scelerisque Av.|Lourdes|U6M 1Z1|MB|Canada
Jack Coffey|vulputate.velit@cursusvestibulum.net|P.O. Box 977, 2878 Phasellus Av.|Stonewall|B5I 4T3|MB|Canada
Murphy Rich|consectetuer@consectetuer.ca|6084 Elit, Street|Daly|U7J 5C7|MB|Canada
Steel Parks|cursus@esttempor.ca|8297 Fringilla Street|Flin Flon|K4B 3Q0|MB|Canada
Leilani Johnson|at.sem@facilisisnonbibendum.org|8606 Tellus. Road|Winnipeg|C6D 5X9|MB|Canada
Jessamine Haney|luctus.aliquet@ultricesVivamusrhoncus.com|663-904 Nulla Rd.|Beausejour|O4P 1R3|MB|Canada
Darius Fitzgerald|mauris.blandit@augueporttitorinterdum.com|6668 Mauris. Road|Brandon|F2L 6D2|MB|Canada
Elmo Vega|libero@amet.co.uk|3605 Dolor Avenue|Daly|Q9N 3J1|MB|Canada
Rachel Ratliff|sagittis.felis.Donec@cubiliaCurae;Phasellus.net|P.O. Box 309, 2985 Nibh. Road|Winnipeg|D6D 4Y0|MB|Canada
Ulysses Tyler|Integer@consectetuer.co.uk|8637 Cras Av.|Flin Flon|Y5Q 9H0|MB|Canada
Knox Joyner|mauris.sit.amet@aliquam.edu|P.O. Box 757, 3887 Parturient Rd.|Minitonas|T9R 2Z9|MB|Canada
Germane Wynn|mauris@feugiatplaceratvelit.ca|801 Cursus Av.|Daly|F6O 9J4|MB|Canada
Noel Slater|urna.Ut@tortorat.edu|Ap #467-3221 Risus. Street|Winnipeg|C2L 6I1|MB|Canada
Yuli Ramsey|iaculis.nec.eleifend@dolor.co.uk|Ap #273-5560 Velit St.|Beausejour|E6O 9K6|MB|Canada
Nicole Bradford|est@maurisMorbinon.net|P.O. Box 155, 5696 Enim, Av.|Daly|T4U 3V1|MB|Canada
Vincent Adams|aliquam.iaculis.lacus@semutcursus.net|Ap #990-5594 Morbi Street|Stonewall|Q6Z 4U5|MB|Canada
Lewis Boyer|neque@penatibus.ca|P.O. Box 652, 5730 Non Ave|Daly|R9S 9A2|MB|Canada
Tatum Griffith|ac.sem@turpis.co.uk|P.O. Box 514, 5253 Erat. St.|Lourdes|O3Z 1H5|MB|Canada
Galvin Clarke|nisi@Sed.net|Ap #135-8613 Lectus. St.|Flin Flon|S2X 7T4|MB|Canada
Bertha Frye|id.sapien@Nullam.org|Ap #857-1991 Placerat, Avenue|Winnipeg|O5Q 8Y1|MB|Canada
Nichole Wagner|ligula.Aenean.gravida@aliquetmolestie.com|393 Arcu Road|Beausejour|U6R 5S5|MB|Canada
Sebastian Poole|cursus.luctus.ipsum@pretiumaliquet.ca|Ap #933-810 Donec St.|Lourdes|I8X 3J7|MB|Canada
Jessamine Melendez|sit.amet@risusa.net|P.O. Box 992, 3549 Class Road|Stonewall|X5J 3H3|MB|Canada
Indira Sanchez|mauris@facilisis.org|P.O. Box 236, 1271 Enim. Rd.|Lourdes|Z5C 7K1|MB|Canada
Nathan Parsons|tristique.pellentesque.tellus@commodoauctorvelit.com|8024 Consectetuer Av.|Daly|L9K 6X7|MB|Canada
Mohammad Fulton|vitae.diam.Proin@augue.org|524-7016 Enim Avenue|Winnipeg|E5M 7R6|MB|Canada
Roth Duran|ultrices.Duis.volutpat@nisinibhlacinia.ca|7310 Sem Rd.|Minitonas|B5M 9I2|MB|Canada
Meghan Stevenson|nunc.sit.amet@egestasligula.net|Ap #117-9410 Pede Ave|Flin Flon|R1D 7K6|MB|Canada
Patricia Sanchez|scelerisque.neque.sed@sedliberoProin.com|P.O. Box 498, 8100 Arcu. Avenue|Beausejour|F4C 7G8|MB|Canada
Raymond Knox|ligula.Donec.luctus@consectetuereuismod.edu|2723 Interdum. Avenue|Brandon|S4W 3L8|MB|Canada
Austin Alford|Sed@Aliquamvulputate.co.uk|Ap #334-4435 Vestibulum Avenue|Daly|I1U 3C2|MB|Canada
Jenna Wyatt|Nunc.ullamcorper@convalliserateget.net|238 Sed Ave|Winnipeg|K1N 3Y7|MB|Canada
Yael Nielsen|vitae.erat@aarcuSed.ca|Ap #424-7343 Natoque Ave|Flin Flon|A6J 9H6|MB|Canada
John Wright|mollis@atauctor.edu|P.O. Box 703, 1549 Amet, Ave|Winnipeg|S8N 4R5|MB|Canada
Brenna Boyer|dui.semper@risusodio.edu|P.O. Box 212, 6044 Tempor Street|Lourdes|C1W 8L5|MB|Canada
