Alan Green|natoque.penatibus.et@pedeetrisus.ca|5883 Velit. Avenue|Burin|Z8M 6J2|NL|Canada
David Walters|nonummy.ipsum.non@lectusquismassa.net|P.O. Box 220, 538 Dolor. Ave|Glovertown|Y9D 4A1|NL|Canada
Leah Parks|Donec@idliberoDonec.net|8873 Nonummy Road|Fogo|R3C 6E6|NL|Canada
Aurora Levy|cursus.a@vehiculaaliquetlibero.net|P.O. Box 764, 7855 Aliquam St.|Bonavista|U6T 5S8|NL|Canada
Rae Bond|mus.Proin@leoMorbineque.com|Ap #319-8180 Quis Rd.|Marystown|Z2O 4Y4|NL|Canada
Jakeem Perez|risus@tincidunt.com|P.O. Box 838, 6715 Scelerisque St.|St. John's|P1I 6U0|NL|Canada
Inez Clark|lobortis@anteipsum.org|Ap #368-7445 Nunc Ave|Fogo|Y4D 6P9|NL|Canada
Maya Mcleod|quis@nonummyultriciesornare.net|866-3778 Sociis Street|Glovertown|J3H 5D9|NL|Canada
Melissa Peterson|metus.sit.amet@dictum.com|P.O. Box 622, 6608 Aliquet Rd.|Mount Pearl|P9V 3F5|NL|Canada
Griffin Delacruz|risus@dictum.com|P.O. Box 432, 5054 Parturient Av.|Mount Pearl|Z9T 4V1|NL|Canada
Kenyon Griffin|mollis.vitae.posuere@Phasellus.edu|544-8526 Ad Ave|McCallum|N4G 6Y9|NL|Canada
Vielka Gallagher|Aenean.gravida@maurisrhoncus.com|Ap #845-7356 Sodales Avenue|Glovertown|R2B 8P5|NL|Canada
Lionel Robles|egestas@utpharetrased.edu|P.O. Box 767, 5706 Elit, St.|Bay Roberts|W2Q 2S4|NL|Canada
Dai Frederick|Donec.luctus.aliquet@famesacturpis.org|2502 Quis Street|Mount Pearl|P7Q 2P3|NL|Canada
Joelle Manning|massa.Quisque.porttitor@varius.org|536-910 Justo Ave|Paradise|L3N 5I2|NL|Canada
Leila Shepard|diam@bibendumfermentum.org|P.O. Box 250, 4279 Amet Ave|Paradise|X7N 3N7|NL|Canada
Giacomo Parks|risus@quis.org|P.O. Box 809, 3061 Pede. St.|Harbour Grace|V4P 2X6|NL|Canada
Walker Stephenson|pede.sagittis.augue@Sednunc.net|8192 Aliquam Street|Spaniard's Bay|Q7Q 7X0|NL|Canada
Jamalia Tillman|diam@elitfermentum.edu|P.O. Box 975, 7487 Et Av.|Burin|U3Z 9L7|NL|Canada
Price Case|faucibus.leo.in@est.edu|Ap #808-821 Lectus Avenue|Carbonear|F6I 5M1|NL|Canada
Mallory Page|velit.Pellentesque@diam.co.uk|P.O. Box 367, 9030 A, St.|Marystown|B9T 3Z5|NL|Canada
Charde Hunter|nisl.Quisque@lectus.org|472-8433 Quam Street|Marystown|V3N 5C5|NL|Canada
Marsden Mcfadden|est@erat.net|P.O. Box 224, 242 Et Road|Marystown|M6C 6W9|NL|Canada
Shafira Wilder|orci.Ut@Cras.org|Ap #681-9265 Aliquam Ave|McCallum|G1D 5M9|NL|Canada
Sheila Aguilar|dolor@lectus.org|208-4281 Vitae Av.|Fortune|Y4C 2O1|NL|Canada
Hannah Wright|lobortis@turpis.ca|Ap #270-2303 Ut, St.|Rigolet|F3I 8W2|NL|Canada
Meghan Salazar|eget.metus@nisl.co.uk|Ap #472-3202 Bibendum Street|Mount Pearl|Z5S 4Q1|NL|Canada
Jackson Myers|quis@tellusnon.com|P.O. Box 387, 1943 Amet, Av.|Harbour Grace|F7N 7W7|NL|Canada
Melodie Le|mauris.Suspendisse@nulla.org|Ap #534-6354 Felis Road|Harbour Grace|C9T 6I0|NL|Canada
Fulton Mckee|sed.facilisis.vitae@tinciduntdui.org|P.O. Box 929, 2799 Velit. Av.|Burin|P4Z 7R1|NL|Canada
Ezekiel Odonnell|magnis.dis@adipiscinglobortisrisus.com|498-1170 Tempor St.|Bay Roberts|A8V 6H4|NL|Canada
Chester Ferrell|accumsan.laoreet@sem.com|358-4983 Tellus St.|Carbonear|U2O 9C8|NL|Canada
Aquila Morton|mi.pede@venenatis.com|417-8631 Fusce Street|Bay Roberts|B8V 4G9|NL|Canada
Perry Espinoza|ante.Vivamus.non@auctor.org|682-7373 Dui St.|Harbour Grace|M1C 8J5|NL|Canada
Madeson Lane|sem@vulputatenisi.com|Ap #501-3533 Odio. Rd.|Burin|X9P 3H4|NL|Canada
Benedict Pearson|nec.euismod.in@luctus.com|P.O. Box 376, 9325 Tellus Av.|Harbour Grace|B5Q 5E3|NL|Canada
Brandon Fuentes|rutrum.non@Curabiturconsequatlectus.net|9984 Orci Avenue|Bonavista|D1L 7N7|NL|Canada
Ahmed Galloway|aliquet.sem.ut@euismodmauris.co.uk|P.O. Box 985, 3077 Nec Avenue|Carbonear|E1C 1C4|NL|Canada
Roary Shelton|commodo.ipsum@elitpedemalesuada.edu|P.O. Box 719, 3709 Diam Rd.|Glovertown|P3N 5C5|NL|Canada
Desiree Bradshaw|mollis.lectus@iaculisodio.co.uk|9683 Sagittis Rd.|Springdale|B1O 3A8|NL|Canada
Declan Bennett|nulla@ut.org|697-7924 Nonummy Ave|Burin|T8H 4X9|NL|Canada
Lance Hester|diam.dictum@risusDuisa.edu|P.O. Box 754, 7793 Orci Rd.|Glovertown|B5N 6L5|NL|Canada
Dennis Kirk|amet@Nulla.edu|962-9221 Iaculis Rd.|Carbonear|U9I 2O1|NL|Canada
Quintessa Mcmillan|lorem.tristique.aliquet@sapienNuncpulvinar.org|570-3942 A, St.|Fogo|O3F 7B9|NL|Canada
Kelly Downs|dolor.quam@Nullaaliquet.edu|816 Est, Rd.|Glovertown|G1P 6B5|NL|Canada
Imogene Bradshaw|libero@orci.org|Ap #976-4952 Quis Street|Fortune|J1A 6N5|NL|Canada
Maia Juarez|iaculis.lacus.pede@eratVivamus.org|P.O. Box 210, 4216 Pede Street|St. John's|R1K 2B4|NL|Canada
Dawn Sanchez|fringilla.ornare.placerat@pede.net|292-3110 Orci Rd.|Mount Pearl|K6J 9O8|NL|Canada
Hakeem Levine|vitae@eratEtiamvestibulum.com|5647 Consequat Street|Fortune|S7Z 7W4|NL|Canada
Cody Houston|elit.erat.vitae@congue.ca|P.O. Box 308, 6656 Lobortis St.|Glovertown|G3N 7T7|NL|Canada
Karly Neal|Sed.et.libero@vel.net|3754 Aliquam Ave|Bay Roberts|E3H 5E8|NL|Canada
Wesley Schwartz|tincidunt.orci@lorem.edu|Ap #102-3660 Enim, Ave|Gander|E2P 3G8|NL|Canada
Dieter Harrell|pellentesque.eget.dictum@enimnislelementum.ca|6619 Eu Avenue|Bay Roberts|I7M 1N8|NL|Canada
Whitney Battle|sit.amet.massa@porttitorscelerisqueneque.org|3852 Sed St.|Harbour Grace|I6C 1I0|NL|Canada
Alfonso Mcgee|odio.tristique.pharetra@elit.org|Ap #514-992 Est St.|Glovertown|P6D 4N0|NL|Canada
Debra Brady|Vivamus.non@mi.ca|Ap #912-9086 Auctor St.|Fortune|B2C 3A4|NL|Canada
Maxine Serrano|risus.Nunc.ac@etmalesuadafames.co.uk|527-4417 Maecenas Avenue|Springdale|J6X 1A9|NL|Canada
Adam Chapman|ligula@Proin.ca|912-9502 Neque. St.|Fortune|G1K 9Y2|NL|Canada
Thaddeus Richard|sollicitudin.orci@dictum.org|657-7805 Interdum. Rd.|Carbonear|G2Z 7R4|NL|Canada
Beatrice Fleming|a.tortor@lobortis.org|Ap #482-1465 Pede Rd.|Fogo|N7I 9R2|NL|Canada
Raphael Brooks|Sed@infelis.net|998-9162 Est Road|Glovertown|M1D 8Q9|NL|Canada
Sigourney Jackson|euismod.ac.fermentum@vulputatemauris.ca|6581 Libero. Street|Paradise|I9R 1I7|NL|Canada
Caleb Barry|placerat@purusNullamscelerisque.org|Ap #300-1261 Amet Rd.|Springdale|T8U 2D7|NL|Canada
Montana Ayala|fringilla.ornare@convalliserateget.net|6538 Justo Ave|Rigolet|X8H 2T9|NL|Canada
Katell Frost|Donec@nec.net|Ap #699-5243 Malesuada Rd.|Paradise|T7X 4I1|NL|Canada
Ignatius Cortez|risus.Quisque.libero@iaculis.com|5678 Ut, Avenue|Mount Pearl|P2Y 3Z5|NL|Canada
Mechelle Lancaster|molestie@dolorsit.ca|8093 Facilisis, Rd.|Glovertown|S4N 2V1|NL|Canada
Isaiah Hines|dapibus.gravida@enimCurabiturmassa.edu|4013 Est St.|Carbonear|X2Y 2B8|NL|Canada
Mufutau Blackwell|elit.Nulla@Pellentesque.org|P.O. Box 548, 5760 Molestie St.|Bonavista|G9L 8N2|NL|Canada
Micah Bradshaw|molestie.in@Nullainterdum.net|P.O. Box 886, 1886 Lacinia Av.|Marystown|K5Y 5K3|NL|Canada
Nissim Knapp|purus.Nullam@nonarcu.com|Ap #868-5527 Proin St.|Springdale|P4P 7X1|NL|Canada
Fulton Craft|augue@tortorIntegeraliquam.org|5009 Consectetuer St.|McCallum|M2O 5B7|NL|Canada
Gage Vazquez|malesuada.vel@nunc.edu|3229 Mauris Ave|Gander|X8R 1K5|NL|Canada
Derek Patrick|a@feugiattellus.edu|1583 Ipsum Road|Springdale|S2I 7I0|NL|Canada
Kelsie Rowland|vel.est.tempor@aliquetmagnaa.edu|425-8706 Egestas St.|Spaniard's Bay|K1W 6U6|NL|Canada
Wing Grant|montes.nascetur@Duis.com|P.O. Box 754, 5966 Mi, Av.|McCallum|I5L 7G5|NL|Canada
Haviva Campos|odio.sagittis.semper@Proinsed.org|5120 Leo Rd.|Gander|Q8V 1G6|NL|Canada
Hyatt Barton|netus@volutpatNullafacilisis.co.uk|825-7113 Ante Rd.|Mount Pearl|Y7R 8S4|NL|Canada
Brenna Oconnor|enim@pedeac.co.uk|P.O. Box 822, 4685 Suspendisse Road|Bonavista|T4L 3E9|NL|Canada
India Tate|posuere@Mauris.edu|Ap #941-9582 Molestie. Ave|Fortune|U9X 2S6|NL|Canada
Eliana Copeland|ac.mattis@et.com|6223 Ante St.|Paradise|S1K 8W8|NL|Canada
Athena Hester|augue@etmagnis.co.uk|Ap #902-7161 Feugiat Rd.|Burin|P1F 3R1|NL|Canada
Odysseus Brooks|penatibus.et.magnis@libero.co.uk|859-4731 Quis Street|McCallum|X6O 9L1|NL|Canada
Ruby Chan|egestas.hendrerit@Seddiamlorem.co.uk|983-1285 Tincidunt Rd.|Mount Pearl|P6Q 3N3|NL|Canada
Priscilla Sykes|tortor@quislectus.co.uk|245 Aliquam St.|Paradise|P7I 1O7|NL|Canada
Fritz Spears|erat.vel@loremeget.net|984-5580 Donec Rd.|McCallum|X3P 4O5|NL|Canada
Jenna Neal|Aliquam.auctor.velit@nec.ca|Ap #737-3849 Quam. Av.|Marystown|I4X 5I9|NL|Canada
Ora Lynch|adipiscing.Mauris.molestie@augueSed.ca|164-2250 Massa. Street|Paradise|G4Y 7K4|NL|Canada
Gannon William|Vestibulum@duiFuscediam.co.uk|9327 Nullam Road|Mount Pearl|W2I 6X7|NL|Canada
Leo Dalton|odio.Aliquam@adipiscingelit.net|Ap #503-4748 Sapien Rd.|Springdale|L7V 7Z8|NL|Canada
Pamela Boyd|Nullam.enim.Sed@liberoDonecconsectetuer.ca|193 Tellus Rd.|St. John's|X9T 3T6|NL|Canada
Lane Casey|nec@lectus.org|7385 Et Rd.|Bonavista|U6R 3H1|NL|Canada
Daquan Kemp|Vestibulum.accumsan.neque@ante.com|6456 Volutpat. Rd.|Bonavista|O5U 4C5|NL|Canada
Jasper Davis|et.tristique.pellentesque@magnaNamligula.edu|Ap #987-6607 Metus. St.|Springdale|W9I 7O3|NL|Canada
Giacomo Mccormick|gravida.Praesent.eu@nullavulputatedui.net|4560 Vestibulum Street|Bonavista|T1D 4B7|NL|Canada
Jaquelyn Williams|est@adipiscing.net|3283 Leo St.|Fortune|P8C 7K0|NL|Canada
Savannah Sutton|gravida.sit@molestiearcuSed.com|Ap #855-5884 Eu Rd.|Burin|O6F 7W1|NL|Canada
Maile Mendez|malesuada.fringilla@purusgravidasagittis.com|P.O. Box 873, 8164 Auctor Road|Paradise|E1V 2X1|NL|Canada
Rowan Cooley|mattis.velit.justo@non.co.uk|Ap #786-1971 Sem Av.|Gander|Y8Y 7Q5|NL|Canada
Berk Sullivan|eu@nuncnullavulputate.org|619-508 Aliquam Street|Glovertown|H6S 4K5|NL|Canada
Chancellor Galloway|iaculis@Donec.edu|P.O. Box 523, 6854 Et, Rd.|Gander|D7U 7M9|NL|Canada
Paula Rivera|magna@Curabiturmassa.edu|P.O. Box 874, 7324 Ligula. Ave|Mount Pearl|K7T 7G7|NL|Canada
Lewis Walton|sem@vehicularisusNulla.com|P.O. Box 321, 2247 Tempus St.|Bonavista|W5V 9Z5|NL|Canada
Dane Reeves|justo.sit@Curabituregestas.ca|422 Donec Road|Carbonear|T4V 9F5|NL|Canada
Lillian Dillon|eu@Morbineque.org|P.O. Box 910, 2814 Et Rd.|Carbonear|T1E 8C4|NL|Canada
Kiona Page|vulputate@dolorquamelementum.co.uk|Ap #607-2598 Nunc St.|Harbour Grace|H1Y 7X9|NL|Canada
Rahim Stout|dolor.elit.pellentesque@euturpisNulla.org|P.O. Box 557, 670 Risus, Av.|Spaniard's Bay|N9T 7V0|NL|Canada
Zane Nelson|quis.tristique.ac@tellusjusto.com|Ap #379-6901 Eleifend, St.|McCallum|R7E 3H4|NL|Canada
Patricia Bolton|eros.non.enim@Suspendisse.co.uk|419-4721 Pellentesque Rd.|Spaniard's Bay|I9Y 4L9|NL|Canada
Ifeoma Skinner|imperdiet.dictum.magna@quamquisdiam.edu|8416 Proin Street|Carbonear|W2C 4N7|NL|Canada
Kieran Valdez|Proin.eget@dictum.ca|2713 Metus St.|Marystown|H3U 8P1|NL|Canada
Allistair Everett|nibh.Aliquam@sollicitudinadipiscing.edu|514-3881 In Rd.|Glovertown|V6X 6X8|NL|Canada
Cora Dejesus|eleifend@ultrices.edu|P.O. Box 295, 7835 Suspendisse Street|Glovertown|E1C 4Z3|NL|Canada
Brendan Horne|a.enim.Suspendisse@mollisnon.edu|Ap #245-7591 Justo Rd.|Carbonear|M1O 8M9|NL|Canada
Lewis Perry|at.auctor.ullamcorper@sed.net|6902 Consequat Road|Mount Pearl|Y3V 1L6|NL|Canada
Hedwig Monroe|Vestibulum@vulputaterisusa.ca|P.O. Box 644, 2267 Mus. Rd.|Bay Roberts|E1E 7U3|NL|Canada
Anastasia Oconnor|malesuada@leoVivamusnibh.com|8203 Interdum. Road|Bonavista|Q7T 9M4|NL|Canada
Allistair Lawson|lacus.Etiam@non.ca|Ap #235-4358 Commodo Ave|Glovertown|I2A 8D6|NL|Canada
Cheryl Winters|Donec@et.net|1640 Libero. Avenue|Fortune|W1M 3A2|NL|Canada
Joy Terrell|vestibulum@scelerisquescelerisquedui.co.uk|Ap #530-184 Commodo St.|Marystown|V1A 6U1|NL|Canada
Hu Carpenter|sit.amet.ornare@a.edu|2713 Eleifend Street|Spaniard's Bay|N9Q 5T7|NL|Canada
Rashad Reynolds|Aliquam.fringilla@liberoduinec.com|P.O. Box 673, 9441 Varius Av.|Mount Pearl|I2D 4S6|NL|Canada
Connor Wells|ut.quam@nunc.co.uk|533-5212 Congue St.|Bonavista|H1M 6U7|NL|Canada
Griffin Haney|malesuada@sapienCrasdolor.co.uk|P.O. Box 634, 2842 Dolor Av.|Spaniard's Bay|M6I 7G2|NL|Canada
Cairo Ferguson|penatibus.et@egetodio.co.uk|P.O. Box 309, 8861 Fames Av.|Fogo|I4G 7X7|NL|Canada
August Oneill|adipiscing.non.luctus@velfaucibusid.org|985-8768 Orci, Rd.|Springdale|G7I 3I5|NL|Canada
Madeline Dodson|Cum.sociis@euismodac.co.uk|8539 Molestie Rd.|Glovertown|A4V 2R7|NL|Canada
Graiden Beasley|Phasellus.in@egestasligula.com|Ap #926-3552 Ut St.|Mount Pearl|E7M 7C4|NL|Canada
Camille Peters|in.felis@Nunc.com|771-4098 Nulla Av.|Marystown|I3C 9E9|NL|Canada
Kyla Case|Etiam.vestibulum@luctus.com|Ap #893-3473 Praesent Ave|Rigolet|Y4X 6H2|NL|Canada
Lisandra Pacheco|nibh@Morbiaccumsan.org|P.O. Box 983, 2847 Porta Avenue|Springdale|E8N 6N9|NL|Canada
Raymond Dennis|diam@InloremDonec.ca|418-3552 Bibendum St.|Rigolet|K4G 1G5|NL|Canada
Virginia Woodard|ac.libero.nec@Aliquam.ca|710 Eget Av.|Bay Roberts|A7E 2T4|NL|Canada
Kylee Reid|Donec.tincidunt@Loremipsum.co.uk|320-2266 Nunc Street|Springdale|X7M 1E8|NL|Canada
Herrod Carr|vulputate.lacus.Cras@velitin.edu|1921 Laoreet St.|Glovertown|W2H 7D3|NL|Canada
Kirsten Sawyer|mauris.sapien@quispedePraesent.com|P.O. Box 384, 1371 Consequat Avenue|Glovertown|L5Z 7S2|NL|Canada
Madonna Benjamin|velit.Cras.lorem@euismod.co.uk|Ap #201-6288 Auctor Street|Paradise|M4E 5F3|NL|Canada
Melodie Buckley|at.sem.molestie@magna.org|P.O. Box 717, 3531 Elit Ave|Springdale|P3G 7O3|NL|Canada
Kevin Snyder|neque.In.ornare@faucibus.edu|5978 Lobortis St.|Fortune|J1Z 1D5|NL|Canada
Sage Vaughan|aptent@ataugueid.com|Ap #415-6293 Arcu. Ave|St. John's|M4M 2N1|NL|Canada
Keiko Norris|ultrices.iaculis.odio@aliquam.ca|348-7282 Vivamus Rd.|Burin|G8F 4S8|NL|Canada
Camilla Ayala|Nam.porttitor@Quisque.edu|7181 At, Road|Rigolet|C3R 7R2|NL|Canada
Kirsten Ramos|elit.fermentum@orci.ca|2655 Lacinia. Road|Bonavista|G5G 7Z5|NL|Canada
Len Hunter|vehicula@mattissemperdui.com|Ap #693-7614 Nec St.|Gander|P6T 6B5|NL|Canada
Iola Johnson|ipsum.Donec@diam.org|Ap #321-7506 Adipiscing Rd.|Marystown|E1O 5A8|NL|Canada
Kermit Sherman|lectus.justo@ipsumCurabitur.com|7294 Lorem, Ave|Rigolet|K2G 2U0|NL|Canada
Walker Clements|vitae.risus.Duis@vitae.co.uk|P.O. Box 412, 9920 Quisque St.|Mount Pearl|K6T 9H9|NL|Canada
Justin George|euismod.et.commodo@Phasellus.com|Ap #307-3054 Phasellus Road|Gander|L9R 2Y3|NL|Canada
Hadassah Woodard|cursus.in@venenatisvel.ca|3677 Quisque St.|Glovertown|H6P 4Z5|NL|Canada
Melodie Douglas|enim.Nunc.ut@tellusAeneanegestas.ca|Ap #526-596 Turpis St.|Fogo|T8M 2K7|NL|Canada
Addison Lamb|pede.sagittis@arcuVestibulumut.com|P.O. Box 964, 9282 Quis St.|St. John's|O6S 7J0|NL|Canada
Jarrod Dalton|Quisque.imperdiet.erat@Nunclaoreetlectus.edu|P.O. Box 582, 4919 Vestibulum St.|Burin|S7M 3E5|NL|Canada
Beck Hinton|cubilia@nuncrisusvarius.co.uk|P.O. Box 679, 3687 Nunc Rd.|Glovertown|G3C 3F0|NL|Canada
Jana Henson|ut.dolor@elitfermentum.edu|P.O. Box 939, 4967 Donec Street|Glovertown|B6W 3D3|NL|Canada
Basia Oneill|orci.Donec.nibh@sagittissemper.com|3335 Tortor Road|Burin|U3N 9X8|NL|Canada
Allistair Branch|at.fringilla@inconsectetuer.net|Ap #765-4993 Molestie. Av.|Burin|R9I 9D2|NL|Canada
Mercedes Burgess|Nullam.vitae@Proinvelit.co.uk|8114 Arcu Av.|Burin|P1Z 9Z2|NL|Canada
Xander Woodward|ipsum.dolor@in.co.uk|Ap #850-8489 Ac Ave|Fortune|C4K 9Z1|NL|Canada
Cameron Wolf|tellus.Suspendisse.sed@lacusEtiam.org|5499 Augue St.|Gander|O5A 4J8|NL|Canada
Lana Beasley|non.feugiat.nec@nequesed.net|970-6638 Et, Ave|Bonavista|Z8Q 7O4|NL|Canada
Kristen Reynolds|arcu@eratEtiam.edu|9096 Aliquam Rd.|Marystown|T9Q 8V1|NL|Canada
Paki Rich|dapibus.quam.quis@enimsitamet.co.uk|P.O. Box 344, 2278 Iaculis Rd.|Rigolet|H9I 9G2|NL|Canada
Armand Salas|Maecenas.mi.felis@ipsum.com|Ap #276-885 Risus Road|Burin|O9M 2V3|NL|Canada
Cynthia Newman|mus.Proin.vel@lacus.org|377-2151 Dolor. Road|Bonavista|L4V 6S0|NL|Canada
Winter Silva|Integer@pedenecante.edu|Ap #455-5502 Posuere Av.|Marystown|N8K 1B4|NL|Canada
Maia Whitfield|neque.venenatis.lacus@portaelit.net|Ap #701-4397 Pharetra, Road|Harbour Grace|O1T 9I9|NL|Canada
Zena Smith|sapien.gravida.non@massalobortis.org|P.O. Box 605, 8070 Suscipit, Avenue|Mount Pearl|G1Y 9M4|NL|Canada
Lenore Mays|elit.a@euismodenim.com|842-4015 Mi. Ave|Bonavista|N7B 2K4|NL|Canada
Cassady Lawrence|ad@euarcu.net|669-2351 Accumsan Rd.|Marystown|R1C 8P8|NL|Canada
Stephen Valdez|dolor.elit.pellentesque@nonmassanon.edu|Ap #468-2761 Lectus St.|Spaniard's Bay|O1L 8Y8|NL|Canada
Melyssa Collier|ipsum.nunc.id@etipsum.co.uk|P.O. Box 418, 5480 Vel Ave|Bay Roberts|M1F 9R4|NL|Canada
Hayfa Clayton|placerat.orci@Crassed.org|P.O. Box 104, 2943 Velit Rd.|Mount Pearl|R3I 2Q6|NL|Canada
Lysandra English|adipiscing.elit@sitamet.ca|456-1456 Non Rd.|Gander|X1O 1K1|NL|Canada
Jason Durham|non.sapien@purusDuiselementum.net|292-5919 Nibh St.|Carbonear|H6D 4P4|NL|Canada
Jamal Kramer|nunc.In@Pellentesquehabitant.org|Ap #376-8961 Nunc Rd.|Burin|D1V 4L9|NL|Canada
Demetrius Garrett|eu.nulla.at@Integer.ca|6317 Ullamcorper Road|Spaniard's Bay|Q1O 1H1|NL|Canada
Fredericka Reese|nonummy.Fusce.fermentum@convallisestvitae.com|2636 Massa. Rd.|Gander|D1I 7R6|NL|Canada
Dennis Jacobson|augue@malesuadaaugue.co.uk|822-7762 Vel St.|Glovertown|C6A 2B8|NL|Canada
Kitra Hines|at.velit@sitamet.org|Ap #775-5849 Nunc Rd.|St. John's|W3T 5F0|NL|Canada
Mason Hanson|eu.tellus@nec.net|Ap #605-8024 Nibh. Street|Paradise|S5Z 2G7|NL|Canada
Murphy Lawson|facilisis@vitaesodales.edu|709-5241 Nisl St.|St. John's|H3Z 8A5|NL|Canada
Camilla Bass|a.mi@volutpat.co.uk|P.O. Box 171, 1889 Eget Avenue|Carbonear|U9U 3N5|NL|Canada
Stone Noel|sociis.natoque.penatibus@lectuspede.co.uk|165-351 Convallis Rd.|Gander|Y9S 3O2|NL|Canada
Octavius Berry|eu.ligula.Aenean@Fuscefermentumfermentum.net|P.O. Box 699, 4384 Posuere, Road|Springdale|Z6G 2S4|NL|Canada
Merritt Miller|felis.adipiscing.fringilla@idenimCurabitur.ca|3680 Nisl Avenue|Springdale|I2G 7F2|NL|Canada
Francesca Turner|gravida.Aliquam.tincidunt@dolor.ca|604-8979 Per Street|Rigolet|C9D 5D7|NL|Canada
Melvin Mack|placerat@rutrumnonhendrerit.org|3914 Tortor Rd.|Harbour Grace|C2B 1D4|NL|Canada
Clarke Reed|Aliquam@tacitisociosquad.com|P.O. Box 382, 2450 Sollicitudin Ave|Bonavista|H5S 5X2|NL|Canada
Melyssa Curry|pharetra.nibh.Aliquam@lectusquismassa.com|937-747 At Av.|Glovertown|U9K 4X7|NL|Canada
Kylan Charles|lorem.sit.amet@conguea.ca|603-6831 Semper Av.|Burin|S8A 8E2|NL|Canada
Walter Gregory|conubia@dictumPhasellus.org|P.O. Box 808, 1037 Eget Street|Harbour Grace|W6Z 2P0|NL|Canada
Kiona Simmons|dapibus@Donecfelisorci.co.uk|293-3625 Ac St.|Mount Pearl|K7B 8G7|NL|Canada
Randall Chandler|Fusce.dolor@hymenaeos.com|P.O. Box 823, 629 Integer Ave|Glovertown|B2U 3Z8|NL|Canada
Lewis Hopkins|Suspendisse.aliquet@ridiculus.org|3088 Mauris, Ave|Gander|J5O 7R8|NL|Canada
Deirdre Townsend|tortor.at.risus@risusDonec.ca|3412 Diam. St.|Burin|L2M 2E2|NL|Canada
Ursula Woods|faucibus.lectus.a@Quisque.ca|8846 Facilisis Rd.|McCallum|W1H 9U1|NL|Canada
Hilary Shelton|luctus@Vivamusmolestiedapibus.org|6285 Sit Rd.|Glovertown|W8L 9A4|NL|Canada
Aaron Ayers|eros.Proin@morbitristiquesenectus.net|P.O. Box 581, 3349 Laoreet Rd.|Gander|Q9Q 9N4|NL|Canada
Tana Macdonald|vel@et.org|696-5286 Dolor, Avenue|St. John's|N5X 1I5|NL|Canada
Abraham Montgomery|arcu.Sed.eu@blanditcongue.co.uk|6057 Lobortis Street|Glovertown|A4C 1Z4|NL|Canada
Ifeoma Mendez|dis.parturient@mi.net|373 Magna. Avenue|Fogo|K1K 3K0|NL|Canada
Benedict Stark|elementum.dui@risusNuncac.net|Ap #957-6159 Lectus Avenue|Fortune|B5K 2S2|NL|Canada
Dean Everett|id@eueleifendnec.com|790-4166 Curabitur Avenue|Gander|N4R 5K7|NL|Canada
Darrel Mckee|pharetra.sed.hendrerit@sodales.org|352-2234 Integer St.|Fogo|O9I 2Y9|NL|Canada
Nash Bartlett|egestas.Duis.ac@fringillaDonec.com|9080 Lectus Street|Bay Roberts|I8H 6Q7|NL|Canada
Hadley Hudson|Suspendisse.dui.Fusce@In.ca|P.O. Box 335, 457 Vel, Avenue|Fortune|F1F 4O4|NL|Canada
Keane Santiago|eu.odio@adipiscing.co.uk|Ap #959-5424 Mi Rd.|Glovertown|C7S 4N6|NL|Canada
Barclay Dodson|consectetuer@diamatpretium.com|Ap #451-7279 Nam St.|Paradise|B3U 1M8|NL|Canada
Emery Moses|erat.volutpat.Nulla@posuerevulputate.co.uk|5356 Pharetra St.|McCallum|U9H 3W8|NL|Canada
Xenos Sparks|In.mi@lacusEtiambibendum.ca|806-1529 Praesent Rd.|Fogo|V9B 9O4|NL|Canada
Ignacia Thornton|dui@ideratEtiam.com|Ap #348-125 Cras Rd.|Spaniard's Bay|B1W 1Y4|NL|Canada
Hiroko Tanner|et.magnis.dis@commodotinciduntnibh.ca|179-2993 Phasellus St.|St. John's|I7D 6M2|NL|Canada
Martina Meyer|mauris.Suspendisse.aliquet@adipiscingnonluctus.co.uk|Ap #970-9696 Nisi St.|St. John's|C5Z 7T9|NL|Canada
Cairo Meyers|sagittis@gravidaAliquam.com|P.O. Box 255, 2993 Libero. Rd.|Fortune|X9A 2A3|NL|Canada
Kylan Pittman|Donec@nibhsitamet.net|6825 Sed, Rd.|Bay Roberts|N1X 1Z8|NL|Canada
Graiden Wallace|Donec@Nuncuterat.net|P.O. Box 713, 7169 Lobortis Avenue|Paradise|S6V 2Q9|NL|Canada
Cadman Hunter|vel@dictum.com|276-8316 Taciti Rd.|Mount Pearl|Y1N 5U1|NL|Canada
Dorian Bradford|quis.turpis@amalesuada.co.uk|P.O. Box 337, 3736 Imperdiet, Road|Spaniard's Bay|X1X 1U6|NL|Canada
Ezekiel West|augue.Sed@nequeseddictum.edu|P.O. Box 641, 4781 Nibh Avenue|Glovertown|X8F 3Z0|NL|Canada
Mona Raymond|ante.bibendum.ullamcorper@egetodioAliquam.ca|9366 Leo. Rd.|Rigolet|G1V 3H1|NL|Canada
Clare Calhoun|ornare@dictum.edu|2458 Sed, Street|St. John's|I1I 3F9|NL|Canada
Quamar Dejesus|Curabitur.vel.lectus@tristique.co.uk|558 Mi Avenue|Fortune|A8L 9L2|NL|Canada
Constance Nash|tempor.arcu.Vestibulum@Proinnisl.ca|377-6957 Mauris Rd.|Springdale|G2Y 7M8|NL|Canada
Moana Haley|feugiat.Lorem.ipsum@auctor.org|P.O. Box 872, 866 Vel Street|Bay Roberts|H9M 3T5|NL|Canada
Indigo Howard|id@porttitorinterdumSed.org|P.O. Box 843, 5410 Cras Av.|McCallum|D4U 6R4|NL|Canada
Eliana Mcgowan|nonummy.ac@lobortisaugue.ca|368-1000 Et Avenue|Spaniard's Bay|Q3F 7E2|NL|Canada
Haviva Simon|fermentum@eget.edu|Ap #924-6694 Aenean Street|Rigolet|H7K 5N9|NL|Canada
Irma Evans|Quisque.ac.libero@posuereatvelit.co.uk|523-2388 Elit Avenue|Paradise|H2Q 6L7|NL|Canada
Bert Soto|interdum@egestasSed.ca|553-683 Luctus Street|Harbour Grace|O8M 3T1|NL|Canada
Mechelle Noel|mauris.id.sapien@suscipit.org|241-4474 Amet St.|Rigolet|M8F 9H4|NL|Canada
Dominique Velazquez|feugiat.placerat@hendrerit.ca|339-8619 Ut Avenue|Fogo|G8O 5K6|NL|Canada
Cecilia William|eleifend.Cras.sed@Aeneangravida.net|175-1341 Purus Rd.|Marystown|M7G 9W7|NL|Canada
Brynn Matthews|dui.nec@Nullamfeugiatplacerat.edu|Ap #572-7061 Proin Avenue|Rigolet|L8Q 8C4|NL|Canada
Chantale Gilbert|Aliquam.rutrum@arcuNuncmauris.org|372 Odio Street|Springdale|V2N 2H6|NL|Canada
Scarlett Acosta|vitae.erat.vel@ac.co.uk|629 Proin Avenue|Spaniard's Bay|D3K 1W9|NL|Canada
Emi Weber|nisi.nibh@velit.net|986-9368 Arcu. Avenue|Mount Pearl|F6V 7W7|NL|Canada
Rhoda Cannon|nisi.magna.sed@justositamet.com|7281 Donec Street|Fortune|N6R 5O7|NL|Canada
Cain Peters|Etiam.imperdiet.dictum@Praesentinterdum.edu|Ap #857-4690 Ut, Street|Gander|W4A 8V9|NL|Canada
Dylan Stone|orci.Ut@liberoestcongue.com|651-8299 Euismod Avenue|Mount Pearl|H6F 6N9|NL|Canada
Cyrus Mueller|Curae;.Donec.tincidunt@imperdietornareIn.com|725-1149 Velit Ave|Bay Roberts|A9T 7U2|NL|Canada
Clark Hopper|Nunc.sed@aptent.co.uk|507 Nullam Ave|Gander|E5F 5C0|NL|Canada
Jesse Alvarado|sollicitudin.orci.sem@acfermentum.co.uk|710-4302 Magna. Avenue|Fogo|Q9S 4J4|NL|Canada
Jared Weaver|a.aliquet.vel@adipiscingMaurismolestie.ca|1286 Cursus Ave|Fortune|G6Z 9N0|NL|Canada
Farrah Mcleod|malesuada.fames@nec.net|P.O. Box 939, 4916 Nunc Rd.|Spaniard's Bay|M2F 5P8|NL|Canada
Cheryl Alexander|metus@nibh.com|6989 In Road|Springdale|G6H 1J3|NL|Canada
Cara Miles|dictum.eu@nulla.net|252-2706 Consectetuer Street|Fogo|K5P 9O5|NL|Canada
Helen Camacho|vulputate.ullamcorper@turpisnecmauris.ca|P.O. Box 886, 5626 Cras Avenue|Burin|X1O 3Y2|NL|Canada
Lila Hensley|augue.eu@placerategetvenenatis.net|430-6250 Cubilia St.|Spaniard's Bay|T7R 2Y9|NL|Canada
Rafael Burris|nec@lobortisrisusIn.edu|1537 Donec Ave|Springdale|E4D 4F7|NL|Canada
Rafael Salinas|fringilla.euismod.enim@sem.co.uk|P.O. Box 733, 7469 Diam. Rd.|Gander|Z4J 9V7|NL|Canada
Kenneth Lloyd|bibendum.fermentum@eratvolutpatNulla.org|4212 Sit Avenue|Carbonear|M8H 3Q4|NL|Canada
Keely Holmes|lorem.semper@fringilla.org|1585 Laoreet Street|Mount Pearl|R3Y 3L6|NL|Canada
Robert Holland|Cras@egetlacus.com|831-2926 Donec Av.|Paradise|S6H 3P0|NL|Canada
Cassidy Herman|luctus.ipsum@euismodetcommodo.net|P.O. Box 297, 9098 Adipiscing Rd.|St. John's|U4L 1H6|NL|Canada
Mercedes Sargent|diam.eu@ac.ca|P.O. Box 363, 733 Vulputate, Rd.|Bonavista|L9Z 8U2|NL|Canada
Reagan Medina|Aliquam.fringilla@orciadipiscing.ca|699-7268 Tristique St.|Bay Roberts|Y7P 1Z4|NL|Canada
Colin Schultz|ultrices.Duis@variusorci.co.uk|Ap #550-2609 Et Rd.|Bonavista|F8U 3C8|NL|Canada
Chloe Waller|a.felis@loremutaliquam.org|Ap #489-6670 Nulla. Street|Springdale|G9X 7P6|NL|Canada
Nigel Nicholson|posuere.at.velit@ultriciesligula.co.uk|193-5078 Purus. Avenue|Burin|H7S 1F9|NL|Canada
Kessie Hancock|Donec.felis@eget.net|7362 Et St.|Burin|F5Q 8W2|NL|Canada
Hyatt Henderson|bibendum@posuerevulputatelacus.com|515-6061 Ac St.|Rigolet|O1L 5L5|NL|Canada
Marah Rojas|cursus@consequat.com|Ap #292-538 Elit Ave|Bonavista|N6T 7O4|NL|Canada
Guy Kirkland|Suspendisse@dolor.com|P.O. Box 600, 7745 Lorem Rd.|Springdale|E8F 6H8|NL|Canada
