Denton Craft|augue.eu.tempor@Aliquamgravidamauris.org|8479 Consectetuer Street|Wolfville|X6L 8T8|NS|Canada
Felicia Adams|mi@sociisnatoque.org|529-5631 Vivamus Road|Baddeck|R8G 2U8|NS|Canada
Kadeem Griffith|Aliquam@musProin.co.uk|492-6851 Varius Rd.|Pictou|A7Z 4M8|NS|Canada
Hasad Humphrey|erat.in.consectetuer@etpede.org|Ap #667-6910 Per Rd.|Municipal District|J4O 6W1|NS|Canada
Garrett Langley|et.ipsum@Vivamus.org|Ap #673-5337 Nunc Av.|Pugwash|Q7Q 2D3|NS|Canada
Joel Sandoval|ut.dolor.dapibus@dapibusquam.edu|P.O. Box 361, 6946 Ligula. St.|Town of Yarmouth|X4C 5Z7|NS|Canada
Kenneth Prince|tincidunt@eleifendegestasSed.ca|4596 Praesent St.|New Glasgow|F5Q 8E1|NS|Canada
Lesley Garrett|hendrerit.a.arcu@dictumeleifendnunc.net|P.O. Box 368, 3460 Arcu Rd.|Berwick|C7R 3Z9|NS|Canada
Wynter Coleman|dui.Suspendisse@Donecluctusaliquet.net|244-5502 Eu Ave|Annapolis Royal|G5V 4G2|NS|Canada
Lee Briggs|orci@sagittislobortismauris.co.uk|4041 Mauris Av.|Municipal District|G1O 4J9|NS|Canada
Price Fields|tellus.non@auctorvelit.co.uk|9993 Curae; Avenue|Berwick|D4C 9X2|NS|Canada
India Hardin|Duis.a.mi@vulputatenisisem.net|P.O. Box 144, 4500 Quis St.|Annapolis Royal|Y4S 2H6|NS|Canada
Philip Edwards|vel.pede@ultriciesligulaNullam.edu|Ap #140-8939 Sed St.|Cape Breton Island|N6N 4K5|NS|Canada
Kadeem Cote|In.lorem@ipsumacmi.com|Ap #585-6661 Tempus Street|Argyle|E6Y 3Q4|NS|Canada
Carter William|penatibus.et@duiFuscediam.com|Ap #582-1798 Mus. Av.|Guysborough|I2H 1F1|NS|Canada
Geraldine Cabrera|elit.Etiam.laoreet@veliteu.edu|P.O. Box 608, 9639 Etiam Street|Pictou|P5G 2C9|NS|Canada
Hiroko Stevens|augue.ac@Mauris.com|2073 Fusce St.|Guysborough|Z8S 5J8|NS|Canada
Callie Ellis|lorem.vehicula.et@sed.co.uk|1054 Odio Road|Berwick|Q7F 9U7|NS|Canada
Jada Carter|nunc@Sedeunibh.com|P.O. Box 217, 5712 Eget Street|Pugwash|L8O 5V4|NS|Canada
Kaitlin Kinney|vehicula.et.rutrum@ullamcorper.org|P.O. Box 727, 3421 Praesent St.|Cape Breton Island|P6D 1M2|NS|Canada
Sophia Hartman|magna.et@lectusrutrum.edu|Ap #302-6090 Arcu. Av.|Cumberland County|Q2E 8H7|NS|Canada
Chaney Bryan|consequat.nec@dignissim.ca|469-6909 Lacus. St.|Pictou|O8X 6O2|NS|Canada
George Lamb|non.sollicitudin@turpisvitae.ca|Ap #792-5995 Nec St.|Annapolis Royal|B6A 7W6|NS|Canada
Travis Barker|elementum.at.egestas@cubilia.co.uk|P.O. Box 256, 3241 Blandit Ave|Municipal District|L1E 8M8|NS|Canada
Caleb Boone|diam.dictum@et.ca|P.O. Box 225, 3923 Sed Road|Cumberland County|R3O 3A1|NS|Canada
Giselle Moses|ultrices.Duis.volutpat@sit.co.uk|4222 Proin Street|Wolfville|Y8W 1A1|NS|Canada
Leila Brady|orci.Ut@faucibusMorbivehicula.net|5843 Sed Rd.|Town of Yarmouth|M7U 9S9|NS|Canada
Dillon Hays|nulla.Donec.non@sit.ca|5711 Cras Road|Berwick|H8I 6E3|NS|Canada
Brent Merritt|ultricies.dignissim@sempertellus.co.uk|P.O. Box 767, 4748 Diam St.|Pugwash|L5A 4Y9|NS|Canada
Simone Delaney|dictum.eleifend@pede.org|815-2873 Vulputate Av.|New Glasgow|F8K 6R9|NS|Canada
Uta Cash|mauris.ipsum.porta@liberoat.ca|766-8592 Sit Road|Pugwash|T8C 8P5|NS|Canada
Ivor Velez|odio@scelerisque.net|Ap #794-2681 Diam Rd.|Annapolis County|G2P 7Z8|NS|Canada
Deanna Landry|tincidunt.Donec@litora.net|9356 Adipiscing Ave|Pictou|Z8X 4O7|NS|Canada
Maite Nunez|interdum.feugiat@tristiqueac.com|670-6589 Aliquet St.|Annapolis County|C7P 6I3|NS|Canada
Willa Ortiz|penatibus@In.co.uk|Ap #383-1994 Lacinia Ave|New Glasgow|I1U 1Z7|NS|Canada
Ruby Cain|pharetra.ut@faucibusleoin.co.uk|3341 Dolor, Ave|Argyle|R9S 2N3|NS|Canada
Lila Hamilton|ut@dapibus.ca|6877 Dui, Street|Cumberland County|T5G 5G5|NS|Canada
Fatima Benton|parturient.montes.nascetur@diamdictum.net|634-821 Ut Ave|New Glasgow|I9P 9S5|NS|Canada
Savannah Hutchinson|mollis.lectus@Mauris.ca|P.O. Box 658, 7407 Augue Av.|Municipal District|P7D 8N8|NS|Canada
Janna Wise|velit@diam.co.uk|4019 Maecenas Street|Pugwash|I1O 7Q6|NS|Canada
Signe Sellers|orci.luctus.et@consequatenimdiam.edu|261-665 Mi St.|Cape Breton Island|K3A 3K6|NS|Canada
Neve Watkins|senectus.et.netus@vitaeposuereat.org|467-1222 Hendrerit Street|Guysborough|M4C 7E4|NS|Canada
Barbara Smith|risus@acturpisegestas.edu|4116 Duis Road|Pictou|Q8Q 1Y6|NS|Canada
Alma Michael|nisi.Aenean@ipsumPhasellus.com|8486 Iaculis Av.|Annapolis County|R4Y 9V3|NS|Canada
Idona Mcdonald|nec.tellus.Nunc@ac.com|P.O. Box 355, 8246 Lorem St.|Annapolis County|R8U 2F6|NS|Canada
Porter Chaney|massa@Curabiturutodio.org|P.O. Box 262, 9081 Enim. Avenue|New Glasgow|Z6P 8K4|NS|Canada
Janna Aguirre|amet.diam@eleifendCras.ca|2024 Ut St.|Wolfville|N1Y 7H7|NS|Canada
Mary Bradshaw|sollicitudin.adipiscing@iaculis.edu|Ap #189-1584 Facilisis St.|Town of Yarmouth|T5S 7M9|NS|Canada
Alexander Brock|molestie.tortor@nequeNullamnisl.co.uk|Ap #846-4461 Donec St.|New Glasgow|P9U 6X9|NS|Canada
Melyssa Sherman|interdum.feugiat@semperNam.net|Ap #723-6917 Praesent St.|Annapolis County|D4Y 7M0|NS|Canada
Ashton Grant|malesuada@elementum.co.uk|Ap #316-3187 Lacus. Av.|Guysborough|D3C 8C5|NS|Canada
Irene Douglas|sem@necleo.edu|P.O. Box 347, 9709 Nunc Avenue|Argyle|D5M 8D1|NS|Canada
Carson Gilmore|Proin.vel@Proinvelarcu.ca|320-4392 Purus, Street|Cumberland County|H9P 9F8|NS|Canada
Stewart Bradford|Vivamus@sitametconsectetuer.ca|Ap #928-9097 Et, Road|Cape Breton Island|G5I 3U2|NS|Canada
Fatima Hendrix|Nam.consequat@acfeugiatnon.co.uk|191-6922 Nec Ave|Baddeck|V7O 2Z9|NS|Canada
Andrew Dale|nunc.interdum.feugiat@tristiquesenectuset.net|269-1482 Venenatis Rd.|Baddeck|F4B 8H9|NS|Canada
Melissa Burt|Duis.gravida@faucibus.org|447-4096 Purus. Rd.|Annapolis Royal|K9T 7A4|NS|Canada
Bevis Church|mi@magnamalesuadavel.co.uk|5054 Aliquam St.|Wolfville|Z9Y 3D0|NS|Canada
Castor Herrera|sed.facilisis@neceleifend.org|P.O. Box 591, 8033 Tellus. Rd.|Annapolis County|F4W 7W2|NS|Canada
Keegan Ford|quis.pede@amet.org|Ap #839-8530 A Street|Guysborough|F5C 4H6|NS|Canada
Laura Madden|lorem.lorem.luctus@purusgravida.ca|5780 Faucibus. Road|Wolfville|A7A 2F8|NS|Canada
Donovan Carpenter|est.mauris@euturpisNulla.com|8080 Pellentesque St.|Halifax|W9D 2M9|NS|Canada
Ori Sears|pharetra@purusgravidasagittis.co.uk|3918 Risus St.|Cumberland County|L7P 7C3|NS|Canada
Eleanor Ford|sapien@eget.net|P.O. Box 100, 8463 Turpis St.|Wolfville|C6W 2U7|NS|Canada
Echo Richmond|purus.Maecenas.libero@loremDonec.co.uk|Ap #656-8234 Ipsum. Av.|Berwick|E6W 3J2|NS|Canada
Constance Tran|Sed.dictum@elementumloremut.org|P.O. Box 797, 961 Integer Road|Berwick|H8L 3V3|NS|Canada
Abdul Woodard|In.lorem@Aliquamgravida.ca|P.O. Box 688, 8400 Auctor, Street|New Glasgow|F7S 8I5|NS|Canada
Erin Brady|ornare.lectus@enimSuspendissealiquet.ca|Ap #413-1632 Iaculis Rd.|Halifax|V4C 9F1|NS|Canada
Ginger Washington|metus.eu@ut.com|3115 Eu, Rd.|Baddeck|D5L 4F2|NS|Canada
Nora Miles|sed.hendrerit.a@hymenaeos.com|9799 Quis, Rd.|Town of Yarmouth|B7M 6J8|NS|Canada
Quentin Colon|Proin@pedePraesenteu.co.uk|Ap #229-1094 Auctor Rd.|Guysborough|N8G 7L0|NS|Canada
Rhona Molina|interdum@ascelerisquesed.com|Ap #228-2419 Fusce St.|Town of Yarmouth|T4Q 3K6|NS|Canada
Hillary Perry|eu.accumsan.sed@pellentesqueSed.org|643-2241 Risus Avenue|Town of Yarmouth|W4J 5N4|NS|Canada
Indira Horton|Nunc.pulvinar@antedictumcursus.ca|P.O. Box 968, 369 At, St.|Guysborough|H4I 8P5|NS|Canada
Sylvester Lane|vulputate.velit@acarcuNunc.org|P.O. Box 883, 6715 Est. St.|Pictou|S3B 1X2|NS|Canada
Hilel Delaney|Donec.tempor.est@dui.org|616 Placerat. St.|Cape Breton Island|R9B 9W0|NS|Canada
Dorian Spencer|Quisque.imperdiet@sedduiFusce.net|8528 Neque Rd.|Cumberland County|W9I 8A2|NS|Canada
Tanek Bolton|ornare.Fusce@commodo.edu|Ap #299-9611 Nibh. St.|Baddeck|B7S 6V4|NS|Canada
Orson Mcconnell|a.malesuada.id@non.net|P.O. Box 902, 8037 Fringilla Street|Municipal District|O7K 1P2|NS|Canada
Marshall Keith|Ut.nec.urna@maurisutmi.ca|7119 Feugiat Av.|Annapolis County|O1U 3G7|NS|Canada
Zachery Norris|nec@SuspendisseduiFusce.com|Ap #345-2012 Dolor. Ave|Annapolis Royal|L7V 6Z7|NS|Canada
Kathleen Vinson|ipsum.sodales@euligulaAenean.org|1728 Felis. Ave|Pictou|K8F 3U9|NS|Canada
Dexter Hill|fringilla.euismod.enim@fermentum.net|7851 Neque. Av.|Annapolis Royal|U2W 5S1|NS|Canada
Hasad Jefferson|leo@utpharetra.org|P.O. Box 475, 5289 Nisl St.|Guysborough|O7S 1J5|NS|Canada
Elton Villarreal|eleifend@sagittissemper.com|731-4435 Et Road|Annapolis County|W7X 7R6|NS|Canada
Uta Shields|nibh.lacinia.orci@loremipsumsodales.org|Ap #398-932 Semper Avenue|Pictou|V6N 9A0|NS|Canada
Howard Harvey|risus@liberoduinec.net|7673 Nunc Av.|Annapolis County|N2O 8X9|NS|Canada
Joy Cooper|euismod.mauris@nonummyac.edu|554-3459 Massa. Avenue|Guysborough|C8X 1J2|NS|Canada
Quentin Hicks|Nunc.mauris.elit@malesuada.ca|P.O. Box 776, 5860 Sed St.|Pictou|J1E 3W9|NS|Canada
Kyle Bass|eleifend.vitae@dui.com|Ap #597-5728 Tempor Rd.|Wolfville|O5M 8Y8|NS|Canada
Patrick Tate|dolor.sit@dignissimMaecenas.net|P.O. Box 301, 1637 Augue Rd.|Annapolis Royal|H4U 5E3|NS|Canada
Yvette Prince|sed@eliterat.ca|7861 Libero Av.|Halifax|P6P 2D1|NS|Canada
Nadine Witt|eleifend.nunc@maurisInteger.ca|Ap #687-8536 Donec St.|Berwick|R4I 3L5|NS|Canada
Lev Cooley|vel.quam@semmagna.edu|683 Cursus. St.|Municipal District|Q6G 4O0|NS|Canada
Anne Wood|non.cursus.non@quamelementum.ca|P.O. Box 535, 2999 Eu St.|Halifax|L1G 5Q9|NS|Canada
