Lesley Manning|elit@magnamalesuadavel.org|7350 Elit Street|Estevan|I4X 4I9|SK|Canada
Upton Emerson|vel@vulputateeu.edu|P.O. Box 751, 6934 Ut St.|Yorkton|B5P 2T0|SK|Canada
Nerea Guerrero|dui.semper@IncondimentumDonec.edu|Ap #360-4626 Vestibulum St.|Macklin|F9G 5V9|SK|Canada
Drew Wilder|turpis.egestas.Fusce@Nullam.co.uk|Ap #641-3921 Curae; Av.|Weyburn|J8T 4P4|SK|Canada
Mariam Hall|vel@amet.com|603-1956 Eu Street|Maple Creek|E6H 7W7|SK|Canada
Hamilton Slater|semper.tellus@vestibulum.ca|337-1778 Lectus Avenue|Regina|K1J 1Q7|SK|Canada
Randall Rosales|Mauris.nulla.Integer@eget.edu|P.O. Box 770, 3066 Euismod Avenue|Langenburg|J9B 8O2|SK|Canada
Adria Compton|sed.dictum@Sed.co.uk|393-2169 Mauris Rd.|Saskatoon|P7G 9A4|SK|Canada
Zorita Marshall|Phasellus.fermentum@justofaucibuslectus.net|P.O. Box 476, 9497 Ipsum Rd.|Macklin|S4Y 8C2|SK|Canada
Andrew Walters|malesuada.fringilla@maurisMorbinon.ca|Ap #718-5362 Fringilla. St.|North Battleford|R2T 9O9|SK|Canada
Nita Mccarthy|orci.lobortis@neque.ca|Ap #295-7431 Risus. Road|Macklin|C7L 3D3|SK|Canada
Vernon Mcpherson|sagittis.semper@est.com|P.O. Box 994, 3808 Leo. Ave|Calder|N3D 1X6|SK|Canada
Shannon Campos|diam.dictum.sapien@risus.edu|608-5948 Ullamcorper St.|Lang|T6J 4V1|SK|Canada
Paki Henry|dapibus.gravida.Aliquam@Curae;Phasellusornare.net|Ap #134-5143 Lectus Rd.|Milestone|W1A 9A3|SK|Canada
Aiko Le|interdum.Sed.auctor@natoquepenatibus.org|3290 Et Av.|Lang|V3Q 3V2|SK|Canada
Raya Griffith|Vivamus.rhoncus@Integermollis.co.uk|9178 Nibh Street|North Battleford|X5A 5C0|SK|Canada
Jamalia Gillespie|magna.Duis.dignissim@velquamdignissim.edu|P.O. Box 775, 1355 Nulla. Ave|Maple Creek|J3V 3A6|SK|Canada
Maxine Lester|gravida@estMauris.edu|Ap #403-7069 Purus, Avenue|Lloydminster|P4G 9G1|SK|Canada
Hilel Blackburn|ullamcorper.Duis@magna.co.uk|Ap #106-3336 Molestie St.|Canora|I1E 4T3|SK|Canada
Noelle Shepard|lorem@sed.ca|4082 Dis Road|Langenburg|S4S 4S4|SK|Canada
Eve Maynard|eu.arcu.Morbi@aliquetliberoInteger.net|538-6781 Lacus. Av.|Langenburg|L3F 6X1|SK|Canada
Clayton Carlson|risus.Morbi.metus@semeget.com|1211 Ligula. Road|Lang|X9A 4S4|SK|Canada
Latifah Lawrence|Donec.tempus.lorem@Inscelerisque.edu|295-3167 Metus St.|Estevan|N8S 4H2|SK|Canada
Quynn Gould|lacinia.Sed@ac.edu|7964 Imperdiet Av.|Maple Creek|M8E 8S2|SK|Canada
Olivia Cantrell|Aenean.gravida@faucibusleoin.com|P.O. Box 599, 2627 Velit. Avenue|Lloydminster|H5J 5T5|SK|Canada
Destiny Mendez|vestibulum@massanonante.net|Ap #708-8048 Dictum Road|Hudson Bay|L4P 3D3|SK|Canada
Hunter Summers|rutrum.justo@velitin.net|P.O. Box 540, 7071 Erat Rd.|Moose Jaw|D4H 3X5|SK|Canada
Paul Turner|sociis.natoque.penatibus@est.ca|6654 Tortor, St.|Lloydminster|B9S 7R5|SK|Canada
Buffy White|Mauris.magna.Duis@vestibulumnequesed.com|9519 Augue Avenue|Lang|E1A 7G5|SK|Canada
Neil Garrett|lectus.convallis@bibendum.com|Ap #172-1338 Porttitor St.|North Battleford|B8F 8W9|SK|Canada
Blythe Fernandez|arcu.iaculis@eleifendCras.edu|837-5532 Est Avenue|Moose Jaw|T9S 7U6|SK|Canada
Alexis May|vitae.sodales.at@leo.edu|Ap #290-5189 Mattis Avenue|Canora|C7J 7U4|SK|Canada
Galvin Mcdaniel|lorem.eget@nonummyFuscefermentum.net|P.O. Box 122, 9505 Eu St.|North Battleford|C2V 5A3|SK|Canada
Erasmus Price|Nullam@pedeCras.org|Ap #594-8191 Elit, Street|Hudson Bay|Q3H 3L8|SK|Canada
Malik Massey|nisi.Cum@acfacilisisfacilisis.co.uk|P.O. Box 480, 865 Mus. Av.|Macklin|C9G 3Z2|SK|Canada
Allen Atkins|imperdiet.nec.leo@mollis.co.uk|P.O. Box 143, 1062 Sagittis Ave|Yorkton|U9E 3N9|SK|Canada
Amir Irwin|non@aliquetProin.org|Ap #668-9492 Non St.|Weyburn|S6M 8A5|SK|Canada
Reed Maldonado|Suspendisse@aliquam.co.uk|1018 Malesuada Street|Weyburn|L4T 7L8|SK|Canada
Alma Stein|accumsan.laoreet.ipsum@et.ca|P.O. Box 139, 143 Massa Rd.|Yorkton|T5I 8Z9|SK|Canada
Tallulah Kim|semper.egestas@felispurusac.org|6721 A Street|Yorkton|G9R 5Z7|SK|Canada
Frances Nash|tempor@dictummi.org|P.O. Box 578, 2126 Dictum Ave|North Battleford|T3Q 2J6|SK|Canada
Quemby Holcomb|augue.id@metus.ca|P.O. Box 436, 1800 Vel Avenue|Weyburn|J3V 7D5|SK|Canada
Bruno Barton|Vivamus.nisi.Mauris@hendreritnequeIn.ca|833-8778 Velit. Street|Assiniboia|J6U 6D0|SK|Canada
Ursa Saunders|nunc.sed@semmolestie.net|Ap #711-4238 Id Rd.|Saskatoon|C6O 3Y7|SK|Canada
Halla Pena|risus.In@blandit.edu|P.O. Box 822, 6666 Dolor. St.|Maple Creek|Q9F 9T0|SK|Canada
Mohammad Rice|nec.mollis.vitae@euplacerateget.edu|Ap #815-9315 Integer Street|Lloydminster|I1L 1T8|SK|Canada
Lester Guerra|nascetur@molestiesodalesMauris.edu|486-1476 Placerat, Road|Calder|Z1W 1V5|SK|Canada
Rajah Watkins|varius@purusMaecenaslibero.com|Ap #759-331 Lorem, Avenue|Langenburg|Q5F 3H1|SK|Canada
Blaze Mcdonald|Sed.nulla@nectempusmauris.net|P.O. Box 930, 9046 Aliquet Av.|Maple Creek|X2N 3Q6|SK|Canada
Thaddeus Cummings|Ut@justoeuarcu.com|109-6957 Pellentesque St.|Prince Albert|U2A 3V0|SK|Canada
Ariana Dunlap|in@orci.org|5047 Tincidunt Rd.|Regina|Q8H 8S1|SK|Canada
Lareina Kirkland|Nam@purus.com|Ap #551-9411 Urna. Ave|Langenburg|X6R 1X6|SK|Canada
Laura Delacruz|scelerisque@massaQuisqueporttitor.com|P.O. Box 174, 2994 Rutrum St.|Calder|E5M 7I9|SK|Canada
Addison Melton|nascetur@netus.co.uk|Ap #386-4109 Non St.|Langenburg|Q4M 2X4|SK|Canada
Leonard Spencer|auctor.velit@magnisdis.ca|Ap #432-6986 Eget Rd.|Gravelbourg|H8U 4W0|SK|Canada
Coby Shepard|lacus.varius.et@ametdiam.net|P.O. Box 605, 4715 Rhoncus. St.|Lloydminster|Z6S 6W1|SK|Canada
Bree Walsh|mollis@parturientmontes.co.uk|P.O. Box 669, 1582 Elit Street|Weyburn|I6S 9A3|SK|Canada
Walker Zamora|et.malesuada.fames@vulputateduinec.edu|Ap #126-9315 Donec Av.|Gravelbourg|R9K 7N8|SK|Canada
Slade Herrera|gravida@Nuncacsem.net|P.O. Box 745, 1823 In Road|North Battleford|O5W 6D0|SK|Canada
Jesse French|dignissim@erat.co.uk|P.O. Box 669, 4950 Dui Street|Langenburg|K5U 9N7|SK|Canada
Norman Summers|ipsum@facilisiseget.org|Ap #704-1661 Quam Avenue|Lloydminster|J2U 6X9|SK|Canada
Guy Carson|auctor@acturpisegestas.com|Ap #801-1066 Commodo Ave|Saskatoon|D1G 4S7|SK|Canada
Patrick Johnston|sem.eget.massa@erosNamconsequat.edu|663-2490 Molestie Avenue|Lloydminster|T8J 4M5|SK|Canada
Ivy Hampton|ante.lectus.convallis@tinciduntpedeac.co.uk|780-4480 Tempus Ave|Maple Creek|Y5W 5G9|SK|Canada
Ezekiel Terrell|lobortis.tellus.justo@Duissitamet.co.uk|Ap #197-8566 Faucibus St.|Macklin|U9O 1P8|SK|Canada
Stone Maldonado|Nullam.velit@quis.co.uk|P.O. Box 831, 2014 Ac Rd.|Saskatoon|X2O 2X9|SK|Canada
Leonard Gibson|semper.egestas.urna@etnetuset.com|Ap #497-5079 Lorem, Av.|Maple Creek|N3P 1K4|SK|Canada
Quynn Gaines|Maecenas@arcuNuncmauris.ca|7098 Vivamus Street|Maple Creek|Y5S 1H8|SK|Canada
Justin Joseph|malesuada.ut.sem@Vestibulumuteros.com|1236 Luctus Rd.|Gravelbourg|G5M 2F9|SK|Canada
Tatiana Wilkins|eu.elit@malesuadafames.org|P.O. Box 984, 2646 Egestas Ave|Estevan|S5W 1T7|SK|Canada
Bertha Spence|dolor.nonummy@convallisestvitae.net|Ap #477-6103 Sit Street|Estevan|M4M 9I5|SK|Canada
Nyssa Parsons|lacus.Mauris@gravida.ca|P.O. Box 653, 6327 Vulputate Street|Weyburn|F7G 3R4|SK|Canada
Felix Harrison|lorem.ut@diamat.ca|839-3695 Ullamcorper Ave|Lang|R8I 3F9|SK|Canada
Kameko Simmons|urna.nec.luctus@metus.net|5105 Dictum. St.|Yorkton|C7D 1J7|SK|Canada
Colorado Bennett|interdum@enimcondimentumeget.com|880-9136 Sem St.|North Battleford|E2G 9O0|SK|Canada
Hanna Shelton|ipsum@aliquam.org|293-5026 Non Street|Lang|D1F 4Y7|SK|Canada
Walter Strickland|tellus.Aenean@accumsan.org|P.O. Box 661, 8803 Etiam Av.|Assiniboia|Y2W 3B7|SK|Canada
Cody Kirk|risus@idsapien.com|Ap #150-6475 At St.|North Battleford|G8F 7B6|SK|Canada
Kermit Byers|ullamcorper.magna.Sed@mattis.com|565-1694 At Av.|Canora|Q9J 7O2|SK|Canada
Len Benjamin|in.felis@eueleifend.net|7924 Donec Ave|Weyburn|X1W 6D5|SK|Canada
Forrest Love|Phasellus.libero.mauris@musDonec.net|Ap #118-2562 Nec St.|Canora|A3D 8P6|SK|Canada
Blake Delgado|ultricies.dignissim@Integerurna.co.uk|P.O. Box 594, 2315 Sed Road|Gravelbourg|G9I 9Y1|SK|Canada
Felix Alvarez|Donec.egestas.Aliquam@nasceturridiculus.edu|P.O. Box 736, 6523 Scelerisque, St.|Estevan|V9C 4Y3|SK|Canada
Mary Madden|Nunc.quis@malesuadavel.ca|200 Nisl Street|Calder|J1L 5Q6|SK|Canada
Ann Mclaughlin|non.quam@volutpatNullafacilisis.com|1009 Morbi Rd.|Weyburn|Q9V 8A5|SK|Canada
Ebony Clark|Sed@gravida.co.uk|658-711 Eros Rd.|Langenburg|S3L 7P2|SK|Canada
Finn Waller|diam@mifringilla.edu|Ap #854-6280 Lorem Rd.|Lloydminster|T8B 3T1|SK|Canada
Herrod Russo|nec.euismod.in@dolorDonecfringilla.net|9127 Nec, Rd.|Yorkton|V2A 3T0|SK|Canada
Lucy Riggs|pretium@pedeNuncsed.net|8139 Duis St.|Hudson Bay|I4Z 8Y8|SK|Canada
Shaine Pacheco|eget.dictum.placerat@velit.edu|Ap #767-5171 Neque Ave|Prince Albert|T9N 7J3|SK|Canada
Neve Mendez|condimentum.Donec@at.edu|2219 Natoque Avenue|Lang|S2A 8B8|SK|Canada
Jasmine Fischer|augue.ut@velarcu.com|3078 Purus, Street|Gravelbourg|U4F 5A9|SK|Canada
Barbara Greene|per.conubia.nostra@NullafacilisiSed.net|4314 Elit St.|Macklin|A7C 5Q1|SK|Canada
Nelle Lewis|elit.a.feugiat@nonummy.org|P.O. Box 454, 2853 Curabitur Avenue|Gravelbourg|X7B 4Y0|SK|Canada
Candice Andrews|lobortis.risus.In@ligula.edu|6533 Vulputate Av.|Moose Jaw|H5T 5G1|SK|Canada
Patrick Swanson|convallis.erat@Vivamuseuismod.edu|P.O. Box 205, 5680 Magna Rd.|Regina|J2V 3G2|SK|Canada
Keefe Garrett|urna.justo.faucibus@dui.ca|2853 Maecenas Av.|Lang|C5T 9L4|SK|Canada
Heidi Moss|Donec.tincidunt@dolor.net|832-9712 Tempor Rd.|Milestone|T7F 3T3|SK|Canada
Amena Hernandez|Duis@acfacilisis.co.uk|Ap #648-9345 Mauris. Rd.|Gravelbourg|K8N 2W8|SK|Canada
Peter Vasquez|In.mi.pede@euerat.edu|Ap #692-9311 Posuere Rd.|North Battleford|Z3V 3C7|SK|Canada
Emerald Booth|vulputate.risus@dolordolortempus.co.uk|648-9100 Aliquam St.|Hudson Bay|P3Z 2W9|SK|Canada
Kaseem Atkins|hendrerit.neque@risusDonecnibh.org|9961 Vestibulum Avenue|Calder|P3O 1Y4|SK|Canada
Ifeoma Dotson|ornare.Fusce.mollis@Nunclaoreet.org|P.O. Box 770, 9394 Lorem, Avenue|Regina|Y8P 1D1|SK|Canada
Micah Pruitt|nonummy@vitae.com|7756 Nisl. St.|Gravelbourg|A6W 9M8|SK|Canada
Clark Rowland|Sed@sedorci.edu|247-6407 Et, Avenue|Calder|K4V 3O5|SK|Canada
Wylie Mcconnell|sed@etrutrum.org|Ap #797-9672 Nec, Ave|Gravelbourg|R5M 8I2|SK|Canada
Abigail Lamb|sem@mauris.com|Ap #869-9287 Sapien Ave|Canora|S1X 1E5|SK|Canada
Flynn Cochran|purus.Maecenas.libero@purus.org|1628 Praesent Street|Gravelbourg|Y3F 5A1|SK|Canada
Carter Lowe|id.erat@sedconsequatauctor.org|Ap #955-1085 Sodales Avenue|Moose Jaw|L9L 2O2|SK|Canada
Sopoline Carr|eu.tempor@urnaconvallis.org|466-2919 Nulla Ave|Canora|F5V 5G9|SK|Canada
Brandon Dixon|et@Donec.net|Ap #290-1652 Senectus Ave|Estevan|Z9Y 6Y0|SK|Canada
Kato Sexton|ipsum.primis.in@Sedeunibh.edu|P.O. Box 167, 7529 Eu Rd.|Prince Albert|Y6N 4B7|SK|Canada
Jackson Carey|convallis.in@necorci.co.uk|P.O. Box 356, 9673 Porttitor St.|Canora|M2F 2L3|SK|Canada
Dexter Emerson|libero.nec.ligula@elitdictum.net|9885 Pellentesque Avenue|Calder|O9A 7Z7|SK|Canada
Otto Howe|Phasellus@elitdictum.ca|P.O. Box 500, 2397 Aenean Avenue|Saskatoon|Q7C 7Y3|SK|Canada
Stephen Coleman|id.mollis@Donec.edu|206-9263 Lorem, Ave|Prince Albert|I5O 3N5|SK|Canada
Allistair Alvarado|arcu.Vestibulum@tempusmauris.edu|369-9810 Sed Rd.|Lloydminster|X8B 1G3|SK|Canada
Ocean Valencia|eu@lacusAliquamrutrum.co.uk|3109 Libero Rd.|Milestone|R3W 1J8|SK|Canada
Heather Stanley|adipiscing.ligula@velit.org|3343 Est St.|Lloydminster|V5Z 4A2|SK|Canada
Bradley Burton|libero.lacus@etrutrum.com|Ap #379-6583 Dis Av.|Calder|B4V 4Z6|SK|Canada
Rachel Lowe|In.faucibus.Morbi@egestasFusce.com|243-2483 Erat Ave|Moose Jaw|L1G 6V5|SK|Canada
Alexandra Whitehead|hendrerit.neque@posuere.com|P.O. Box 430, 6319 Egestas. Avenue|Regina|L5N 1V1|SK|Canada
Lani Heath|nec.mollis@magnanecquam.edu|Ap #181-4901 Vivamus Av.|North Battleford|R7K 9X6|SK|Canada
Jonah Washington|sit.amet@molestiearcu.co.uk|Ap #485-2683 Rutrum Ave|Lang|H2Q 5N2|SK|Canada
Scarlett Workman|arcu.et.pede@dictumPhasellus.ca|8075 Sem St.|Lang|Y5U 5P2|SK|Canada
Jackson Wooten|at@loremeu.ca|P.O. Box 974, 1060 Fames St.|Prince Albert|E7F 8I6|SK|Canada
Elliott Lopez|ut.ipsum.ac@laciniaSedcongue.edu|413-9016 A Av.|Assiniboia|Z6O 1J3|SK|Canada
Roary Morris|lectus.convallis.est@morbi.net|1341 Sapien, Av.|Regina|D9V 2W9|SK|Canada
Nayda Hayden|Sed.et.libero@eget.com|P.O. Box 150, 3425 Consequat Ave|Prince Albert|L9F 3H5|SK|Canada
Conan Burgess|metus@urnajusto.com|P.O. Box 374, 5089 Consectetuer Rd.|Macklin|G4D 1I2|SK|Canada
Ralph Shannon|nisl.Nulla.eu@luctusvulputatenisi.edu|P.O. Box 401, 7271 Dui Rd.|Milestone|H7Y 5V2|SK|Canada
Bell Jordan|quis@nisiCum.edu|597-554 Tincidunt St.|Moose Jaw|M6S 6W2|SK|Canada
Larissa Heath|Aenean.gravida.nunc@sodales.com|Ap #842-2734 Lacinia Street|Macklin|D7O 3B2|SK|Canada
Bernard Walsh|eget.venenatis.a@commodoipsum.co.uk|Ap #250-1672 Id Street|Gravelbourg|A9Y 5N9|SK|Canada
Kellie Tran|neque.pellentesque.massa@sapienimperdietornare.com|799-5727 Lacus Av.|Hudson Bay|D6W 8L1|SK|Canada
Barbara Melton|magna.Sed@atvelit.ca|548-9228 Ut St.|Hudson Bay|X1V 5F9|SK|Canada
Jin Cabrera|diam.luctus@Quisqueornaretortor.org|5540 Fringilla, Street|Lang|F2B 5Z6|SK|Canada
Shana Humphrey|Sed.eu@molestietellus.ca|P.O. Box 852, 2402 Amet St.|Calder|F6P 3Y1|SK|Canada
Claire Orr|Phasellus.at.augue@eros.edu|P.O. Box 887, 8274 Integer Road|Calder|L5D 8M6|SK|Canada
Brent Serrano|in.lobortis.tellus@tellusPhaselluselit.edu|Ap #377-1055 Urna Street|Macklin|S2K 8Z6|SK|Canada
Xavier Robbins|egestas.nunc.sed@tellus.ca|Ap #699-8567 Lorem St.|Milestone|X1Q 9X4|SK|Canada
Fitzgerald Bowers|nec.malesuada@sedturpisnec.edu|Ap #979-3943 Mauris Rd.|Milestone|G3T 9O8|SK|Canada
Malik Gray|parturient.montes@sodales.edu|P.O. Box 124, 8145 Nunc St.|Estevan|O1A 2R8|SK|Canada
Conan Guzman|nunc.est@aliquetodio.net|P.O. Box 672, 6620 Tempus St.|Prince Albert|M9Z 1Y3|SK|Canada
Amy Kerr|magna.Phasellus.dolor@Donecluctus.org|281-4795 Porta Av.|Prince Albert|Q7I 8S1|SK|Canada
Keefe Burton|ac.mattis@tellusSuspendisse.ca|P.O. Box 165, 5463 Ligula Ave|Milestone|I8I 4N9|SK|Canada
Gary Stevenson|scelerisque@non.ca|3310 Turpis. Rd.|Maple Creek|W4D 3O6|SK|Canada
Vanna Welch|ipsum.ac@sit.edu|P.O. Box 160, 195 Laoreet St.|North Battleford|S4I 5L4|SK|Canada
Hayden Knox|luctus.Curabitur@mollislectuspede.co.uk|2358 Imperdiet Avenue|Canora|V6K 4M7|SK|Canada
Fulton Miranda|tortor@enim.org|P.O. Box 956, 8245 Dolor. Street|Prince Albert|U9L 9Y5|SK|Canada
Ivor Pollard|Donec.feugiat@mi.edu|P.O. Box 398, 4060 Nibh Street|Macklin|K5Y 3L1|SK|Canada
Nyssa Robles|penatibus.et.magnis@neceuismodin.net|6414 Ipsum Rd.|Milestone|R4H 8I1|SK|Canada
Fleur Jones|hymenaeos.Mauris.ut@necmalesuadaut.edu|134-819 Risus. Street|Canora|H2N 5J8|SK|Canada
Jesse Chen|neque.Nullam.nisl@sodalesatvelit.net|124-1891 Egestas Street|Lang|Z2S 6D3|SK|Canada
Brielle Lester|dolor.dolor.tempus@non.net|7615 Eu St.|Saskatoon|R1R 1D7|SK|Canada
Elmo Vargas|Sed@pharetra.co.uk|6538 Sem, Rd.|Langenburg|G2Z 5N0|SK|Canada
Palmer Hatfield|cursus@gravidanon.edu|1926 Sapien. St.|Regina|F4B 8L0|SK|Canada
Willa Kinney|Nulla@aduiCras.edu|Ap #668-5373 Nec St.|Regina|Z5V 2Z6|SK|Canada
Regan Franco|est.Nunc@et.org|395-5835 Mauris Rd.|Estevan|P3C 6B2|SK|Canada
Orson Hodge|magna.Ut@consectetueradipiscing.ca|Ap #230-2283 Pede Rd.|Estevan|P5V 2D3|SK|Canada
Hollee Pollard|nibh.Donec.est@Fuscealiquet.com|Ap #403-1733 Vestibulum Av.|Hudson Bay|J2M 7L0|SK|Canada
Fitzgerald Whitaker|vehicula.Pellentesque@Nulladignissim.net|275-6341 Sodales Ave|Saskatoon|V7U 4W0|SK|Canada
Regan Singleton|imperdiet.dictum@euismodest.org|Ap #651-6115 Eget Avenue|Prince Albert|U6N 4Z6|SK|Canada
Alea Ball|Sed@nonante.edu|879 Luctus St.|Assiniboia|P5S 9S3|SK|Canada
Cassandra Armstrong|tempor.diam.dictum@Donecnibh.edu|Ap #692-8737 Sed Av.|Maple Creek|G1J 2Q9|SK|Canada
Wade Houston|consequat.enim@imperdietdictummagna.edu|Ap #835-2333 Mi Road|Prince Albert|L8Q 6V7|SK|Canada
Willa Stark|Donec.elementum.lorem@egetvolutpat.net|P.O. Box 724, 8354 Cras Rd.|Lang|V5O 4F4|SK|Canada
Anastasia Russell|imperdiet.ullamcorper.Duis@necmalesuada.com|P.O. Box 727, 1584 Ipsum Road|Macklin|P3V 2D0|SK|Canada
Ivory Cobb|Morbi.neque.tellus@Cras.edu|Ap #906-7963 Quisque St.|Gravelbourg|S5X 8E7|SK|Canada
Ali Barlow|amet.orci.Ut@eunibhvulputate.ca|906-7729 Vel Av.|Hudson Bay|U1K 9U5|SK|Canada
Hammett Oneil|Aliquam.ornare@dignissim.edu|P.O. Box 746, 1248 Nascetur Road|Weyburn|K1X 9X7|SK|Canada
Ira Casey|Fusce@eu.edu|520-670 Eget, Ave|Moose Jaw|F4N 5H2|SK|Canada
Imogene Lyons|Nunc.pulvinar@rhoncus.org|Ap #532-1623 Natoque Avenue|Maple Creek|S3U 8Z9|SK|Canada
Shad Kaufman|venenatis.vel@Proin.ca|756-3458 Dictum Ave|Maple Creek|X3A 2U0|SK|Canada
Edward Townsend|sodales.nisi.magna@Pellentesquehabitantmorbi.com|Ap #547-4226 Lacus. Avenue|Prince Albert|Q1L 2P5|SK|Canada
Amy Flores|hendrerit@necmollisvitae.edu|295-442 Condimentum St.|Prince Albert|W9M 2R8|SK|Canada
Xander Casey|Vivamus.nisi.Mauris@inconsectetuer.edu|Ap #763-4040 Donec Road|Canora|A2Z 6Q4|SK|Canada
Elmo Whitfield|ullamcorper.nisl@adipiscingelitAliquam.co.uk|559-6930 Urna. Avenue|Lloydminster|G8V 5Z8|SK|Canada
Margaret Wilder|vestibulum.Mauris@ataugueid.ca|Ap #670-8206 Sit Rd.|Canora|U6Y 3I3|SK|Canada
Eve Acosta|a.aliquet.vel@metussitamet.org|306-1540 Class Rd.|Milestone|Y9S 3L4|SK|Canada
Shoshana Holman|nulla@Quisque.com|5662 Integer Road|Assiniboia|K7U 1I6|SK|Canada
Jenna Alvarez|odio@Proinegetodio.com|972-1843 Lobortis Ave|Calder|I6T 8V9|SK|Canada
Derek Ware|nisl.Nulla@NullaaliquetProin.ca|P.O. Box 724, 6892 Dis Road|Regina|R2X 1B4|SK|Canada
Kieran Bartlett|ut.lacus.Nulla@consectetueradipiscingelit.org|Ap #393-5790 Nullam St.|Langenburg|M5O 7L7|SK|Canada
Meredith Shaw|ad.litora.torquent@consectetuercursus.net|1468 Nonummy Ave|Assiniboia|U7J 1K0|SK|Canada
Hanna Rush|pellentesque.a.facilisis@dictumsapien.org|7109 Vulputate, St.|Lang|F8L 3J7|SK|Canada
Leroy Weiss|ac.mattis.semper@maurisrhoncusid.net|Ap #767-7257 Ullamcorper Avenue|Maple Creek|K2R 5V6|SK|Canada
Sigourney Sampson|Nullam@ultricessit.co.uk|P.O. Box 133, 8126 Arcu. St.|Estevan|M6D 6J8|SK|Canada
Mikayla Schneider|a.sollicitudin.orci@Maecenasornareegestas.net|Ap #644-646 Elit St.|Prince Albert|K9W 9Q5|SK|Canada
Xyla Howard|tempor.lorem.eget@metus.ca|764-8960 Ornare St.|Calder|R2R 8F4|SK|Canada
Garth Vargas|sociis.natoque@scelerisquelorem.ca|Ap #596-9156 Erat. Avenue|North Battleford|N5H 2C3|SK|Canada
Jamal Browning|consectetuer.euismod@Morbiquis.net|6897 Facilisis Ave|Saskatoon|X8Y 3N8|SK|Canada
Karina Santos|Phasellus.elit@euturpis.co.uk|3523 Lorem Street|Hudson Bay|T8K 7I9|SK|Canada
Calvin Briggs|ut.aliquam@mitemporlorem.ca|942-6523 Ultrices Av.|Langenburg|T2W 5U8|SK|Canada
Lacota Roach|fames.ac@velitjusto.ca|Ap #582-6211 Orci, St.|Maple Creek|D5J 4I7|SK|Canada
Gregory Deleon|eu@nonhendrerit.co.uk|Ap #207-6782 Dui, Street|Lloydminster|D7I 4Q9|SK|Canada
Gabriel Sloan|neque.non@libero.org|Ap #462-3337 Maecenas St.|Prince Albert|E2T 8S3|SK|Canada
Jasper Hopper|augue.ut@molestie.edu|440-5290 Quisque Avenue|Assiniboia|F4E 9M8|SK|Canada
Finn Sandoval|at.nisi.Cum@metusurnaconvallis.co.uk|P.O. Box 330, 7299 In St.|Maple Creek|P7P 2D9|SK|Canada
Sandra Decker|id.libero.Donec@acsemut.net|5341 Pharetra. Road|Lloydminster|S9F 1I7|SK|Canada
Lester Aguirre|dolor.sit.amet@elitCurabitursed.edu|P.O. Box 277, 9763 Eu Ave|Lloydminster|S4I 8Q5|SK|Canada
Uma Little|placerat.velit.Quisque@dictumeuplacerat.edu|493-1081 Dictum Street|Regina|T6N 2N0|SK|Canada
Kiona Meadows|adipiscing@Phasellus.co.uk|6862 Sem Road|Langenburg|I7W 5X8|SK|Canada
Nicole Salas|cursus.a.enim@neceleifend.ca|1398 Justo Road|Estevan|E2Z 5N4|SK|Canada
Sade Dorsey|nisi.a@seddictum.ca|P.O. Box 823, 6494 Imperdiet Av.|Saskatoon|C1H 3M0|SK|Canada
Merrill Cantu|aliquet.diam.Sed@egestasFusce.co.uk|7551 Rutrum Avenue|Yorkton|K5O 7K6|SK|Canada
Trevor Walter|consectetuer.adipiscing@Aliquamultrices.ca|259-9155 A Ave|Regina|X4E 7O9|SK|Canada
Yetta Sanders|ligula.Nullam@sitametdiam.co.uk|935-1402 Adipiscing Rd.|Maple Creek|E4W 2E6|SK|Canada
Adam Donaldson|urna@turpis.ca|Ap #557-5397 Donec St.|Langenburg|R3Z 9M9|SK|Canada
Noel Pickett|Sed.eu.eros@commodoatlibero.ca|Ap #874-1697 Cursus, Avenue|Macklin|W5J 2L5|SK|Canada
Isadora Summers|nulla.at.sem@mollis.ca|553-3509 Placerat Road|Yorkton|O6P 1E1|SK|Canada
Iliana Terrell|Morbi@Morbimetus.org|P.O. Box 525, 2786 Et, Road|Gravelbourg|D8E 7S3|SK|Canada
Julian Fuller|egestas.Fusce.aliquet@tempuslorem.net|759-6243 Aliquam Road|Prince Albert|W5T 3A0|SK|Canada
Acton Wilson|parturient.montes@loremtristiquealiquet.ca|1197 Dui, Rd.|Estevan|E8J 3G6|SK|Canada
Lael Hanson|et@iaculis.com|4548 Adipiscing St.|Saskatoon|F6L 6A1|SK|Canada
Ishmael Cantrell|in.consequat@eusemPellentesque.edu|P.O. Box 567, 3876 A, Avenue|Hudson Bay|W1N 6Q2|SK|Canada
Kylan Hinton|venenatis@risusDuisa.org|Ap #431-9367 Faucibus Rd.|Lloydminster|Z6A 2L4|SK|Canada
Pearl Osborn|ac.tellus.Suspendisse@etmalesuadafames.co.uk|Ap #618-2817 Aliquam St.|Canora|C9T 4K1|SK|Canada
Jonah Garcia|tempor.diam.dictum@accumsan.ca|911-5381 Ligula. Av.|Macklin|X7Q 5C5|SK|Canada
Olga Sparks|hendrerit.id.ante@luctussit.net|3996 Ac St.|Milestone|W7N 5I7|SK|Canada
Sonya Clements|elit.Etiam@interdumenimnon.org|187-7417 Quis Av.|Calder|V6R 6A5|SK|Canada
Raja Chavez|Fusce.diam@eratsemperrutrum.co.uk|6099 Quis Street|Moose Jaw|S4H 7H6|SK|Canada
Grace Mason|sollicitudin.adipiscing.ligula@metuseuerat.edu|Ap #609-9029 Fermentum Ave|Moose Jaw|W1U 7J8|SK|Canada
Burton Fuentes|Integer.tincidunt.aliquam@est.org|P.O. Box 609, 9320 Dui St.|Macklin|B5E 3J7|SK|Canada
Mikayla Good|sit@interdumSed.net|Ap #664-4817 Non, Rd.|Macklin|M7S 1H6|SK|Canada
Melodie Ferguson|Quisque@tincidunttempusrisus.net|Ap #942-5768 Hendrerit Road|North Battleford|G7J 3H3|SK|Canada
Eaton Cross|metus.Aliquam@vitaediam.com|1982 Enim. Rd.|Lloydminster|P7O 4K0|SK|Canada
Quintessa Castaneda|lectus.convallis.est@duiFuscealiquam.net|4718 Montes, Rd.|Macklin|X3T 3Y6|SK|Canada
Lewis Yang|augue.ac@arcu.ca|208-1921 Quis St.|Langenburg|H2N 2Q4|SK|Canada
Macey Douglas|adipiscing@enimgravidasit.ca|2547 Augue. Avenue|Milestone|U4L 3J9|SK|Canada
Keane Larsen|magna@lectusNullamsuscipit.com|140-7593 Tincidunt Rd.|Assiniboia|V5V 8Y9|SK|Canada
Wesley Mccarthy|fermentum.vel@vitaemauris.co.uk|P.O. Box 872, 3947 Pharetra. Street|Yorkton|C5U 1J0|SK|Canada
Cain Riggs|non.ante@duiFusce.co.uk|229-3261 Vestibulum. Avenue|Prince Albert|M1M 7C2|SK|Canada
Brynne Burton|sed@fringillami.ca|Ap #675-6056 Volutpat St.|Maple Creek|G8T 4T1|SK|Canada
Zane Suarez|a.auctor@aliquetPhasellus.edu|Ap #906-3815 Ligula. Road|Estevan|I7B 7X3|SK|Canada
Hunter York|quis@mauris.co.uk|368-3045 Vehicula Avenue|Macklin|T4I 5A9|SK|Canada
Daquan Weeks|luctus@tortor.ca|Ap #282-3534 In, Street|Weyburn|Q7K 2P7|SK|Canada
Ruth Jacobson|quis.lectus.Nullam@sagittisDuisgravida.com|651-4665 Fermentum Road|Gravelbourg|N6C 8Z4|SK|Canada
Courtney Patton|Sed@gravidanonsollicitudin.com|P.O. Box 719, 3695 Non Road|Saskatoon|I1E 1H5|SK|Canada
Kiona Green|ultrices@felisullamcorper.edu|Ap #817-3283 Nisi. St.|Maple Creek|W2Z 2V4|SK|Canada
Chandler Mclaughlin|Quisque.porttitor.eros@nequesed.edu|3566 Adipiscing Av.|Milestone|C8S 2N0|SK|Canada
Ulysses Hatfield|sit@imperdiet.ca|847-6659 Sed St.|North Battleford|N8Z 6N7|SK|Canada
Nelle Jacobson|Cum.sociis@iaculisodio.edu|Ap #674-2663 Proin St.|Canora|Z3F 8D5|SK|Canada
Elaine Coffey|malesuada@eratsemper.co.uk|4473 Odio, St.|Saskatoon|Q6H 1L9|SK|Canada
Gary Morris|mi@Integer.co.uk|P.O. Box 356, 5179 Est Street|Lloydminster|P6D 6D7|SK|Canada
Stuart Day|leo.Morbi@Integermollis.edu|811-164 Aliquet, Avenue|Canora|K2X 4Y3|SK|Canada
Grady Campos|ullamcorper.nisl.arcu@ligula.com|Ap #627-7215 Quam Street|Assiniboia|A7S 2B2|SK|Canada
Tallulah Bryan|lobortis@enimcondimentumeget.net|1880 A, Av.|Yorkton|S1S 9X7|SK|Canada
Freya Brooks|nec.tellus.Nunc@nunc.com|130-3940 Non Street|Estevan|C4O 3A1|SK|Canada
Desirae Moody|eget.laoreet@scelerisque.edu|Ap #511-7132 Lorem Av.|North Battleford|W5G 7J4|SK|Canada
Carissa Calderon|tellus@tempusmauris.org|4488 Fermentum St.|Moose Jaw|F7N 6U9|SK|Canada
Aurora Buckley|Ut.semper@atlacusQuisque.org|Ap #259-812 Nec Avenue|Weyburn|Q9Z 5O4|SK|Canada
Porter Goff|torquent.per.conubia@nullaCras.net|916-1559 Sodales Ave|Canora|I5G 5K7|SK|Canada
Madaline Miles|vehicula.Pellentesque.tincidunt@consectetuerrhoncusNullam.net|P.O. Box 943, 6049 Eu Rd.|Prince Albert|J4C 8P1|SK|Canada
Libby Baker|tempor.augue.ac@dis.net|Ap #940-8966 Ultrices St.|Hudson Bay|C1S 4Z8|SK|Canada
Hanna Luna|est.Nunc.ullamcorper@faucibus.net|251-5937 Nibh. Av.|Regina|O4X 6J4|SK|Canada
Salvador Jennings|odio.Etiam@egetlaoreet.edu|Ap #473-8707 Proin Av.|Hudson Bay|L6I 1O2|SK|Canada
Mason Velasquez|luctus.vulputate@urna.org|9794 Rutrum Rd.|North Battleford|D8C 6Z6|SK|Canada
September Fry|tincidunt.pede.ac@ipsum.ca|4266 Non Ave|Milestone|W7F 7L6|SK|Canada
Samuel Chase|Cras.lorem.lorem@necanteMaecenas.edu|Ap #316-8788 Tristique Rd.|Langenburg|W9U 4M5|SK|Canada
Aaron Swanson|elementum.purus.accumsan@adui.org|4123 Dolor Rd.|Hudson Bay|N8D 3Q5|SK|Canada
Kieran Cabrera|mollis.dui@congueturpisIn.edu|6113 Nulla. Street|Calder|D1Q 7S8|SK|Canada
Rogan Aguirre|Ut.sagittis.lobortis@ligula.edu|Ap #172-3724 Egestas. Street|Maple Creek|V7C 1E9|SK|Canada
Oscar Cherry|et@velit.com|Ap #256-6214 Purus. Av.|Saskatoon|A8Y 3T5|SK|Canada
Bevis Watkins|vulputate@vestibulumMaurismagna.net|P.O. Box 679, 3748 Sodales St.|Hudson Bay|E1G 9E5|SK|Canada
Cailin Davidson|faucibus.leo.in@Sedpharetra.net|118 Mauris, St.|Saskatoon|E1P 7G2|SK|Canada
Angela Vasquez|Etiam@quispedePraesent.org|P.O. Box 753, 1057 Mauris Av.|Prince Albert|W4J 9L0|SK|Canada
Joy Lane|est@Vivamusnibhdolor.ca|P.O. Box 861, 2545 Lectus St.|Lang|W1P 9Y6|SK|Canada
Colt Hendrix|in@dolor.edu|1494 Eu St.|Regina|C1T 2U8|SK|Canada
Otto Morales|eleifend.Cras@ornareInfaucibus.ca|5602 Odio St.|Yorkton|E6Z 4Q8|SK|Canada
Noble Petty|sodales.purus@nunc.co.uk|308-7778 Ipsum St.|Weyburn|O9X 2C7|SK|Canada
Brandon Dennis|non.vestibulum@pede.edu|649-3412 Lectus Avenue|Moose Jaw|G3X 4C4|SK|Canada
Jena Baker|ipsum.Suspendisse@egestasAliquamfringilla.edu|P.O. Box 689, 2761 Dolor Av.|Weyburn|S8U 2A5|SK|Canada
Hector Thompson|Lorem@Maecenasiaculisaliquet.edu|Ap #363-272 Ad Rd.|Regina|E7X 6H2|SK|Canada
Damon Smith|vitae@penatibusetmagnis.edu|909-2498 Dolor St.|Gravelbourg|S6R 8I9|SK|Canada
Tate Bauer|sed.sapien@nislsemconsequat.org|537-2407 Mauris St.|Milestone|I8E 1D1|SK|Canada
Lacota Salas|Etiam@molestieorcitincidunt.net|P.O. Box 279, 4149 Leo Avenue|Gravelbourg|J3Y 6D2|SK|Canada
Lev Vance|penatibus.et@loremluctusut.ca|900-4199 Aliquam St.|Weyburn|N5U 9A0|SK|Canada
Daquan Ramsey|Suspendisse.tristique@nondapibus.net|5141 Dictum Av.|Saskatoon|T1R 8F0|SK|Canada
Charissa Curtis|torquent.per.conubia@Cras.edu|P.O. Box 592, 4856 Varius Ave|Lloydminster|R2M 8N3|SK|Canada
Michael Lawrence|nunc@pedeSuspendissedui.co.uk|Ap #612-1544 Rutrum St.|Estevan|G8Q 1V1|SK|Canada
Wynter Ayers|cursus.purus.Nullam@Utnec.net|3200 Pellentesque, Rd.|Regina|X3N 1U9|SK|Canada
Imani Ashley|Nullam.enim@a.ca|101-1998 Convallis St.|Langenburg|N4R 7X2|SK|Canada
Tasha Duffy|ridiculus.mus.Proin@Etiamimperdietdictum.com|1658 Vitae Rd.|Saskatoon|H5Q 7N9|SK|Canada
Clementine Fitzpatrick|egestas.Sed@maurisrhoncusid.ca|3167 Diam St.|Langenburg|H9L 5H4|SK|Canada
Tara Cantrell|velit.Cras.lorem@Nam.net|951-1215 Lacus. Av.|Prince Albert|G4W 4V7|SK|Canada
Whoopi Elliott|nec.diam.Duis@ut.edu|P.O. Box 997, 6119 Scelerisque Rd.|Prince Albert|A4I 2F6|SK|Canada
Jordan Stokes|tempor@laoreet.net|865 Nunc. Av.|Canora|A5V 4M9|SK|Canada
Elizabeth Clarke|ullamcorper.Duis.cursus@loremtristiquealiquet.edu|451-5797 Purus Ave|Calder|S2B 4G0|SK|Canada
Elaine Solis|dictum@etrutrumnon.edu|Ap #233-4949 Vitae, Rd.|Yorkton|B7P 9N6|SK|Canada
Randall Foley|Donec@Maurisvelturpis.ca|P.O. Box 451, 9609 Vulputate Ave|Saskatoon|G9Y 6K5|SK|Canada
Levi Schroeder|imperdiet@Morbiquisurna.ca|P.O. Box 651, 1909 Eget, Avenue|Hudson Bay|Z3B 6L5|SK|Canada
Kiara Melendez|consectetuer.adipiscing.elit@elementumduiquis.org|Ap #173-4635 Risus Street|Macklin|S1C 8K0|SK|Canada
Lyle Munoz|porttitor.eros@disparturientmontes.net|513-9997 Pellentesque St.|Saskatoon|Q2C 6U2|SK|Canada
Reed Hernandez|Etiam@egestasAliquam.com|Ap #487-640 Ligula Rd.|Canora|W4U 6M2|SK|Canada
Indigo Alexander|Pellentesque.habitant@ProinmiAliquam.ca|4588 Elementum Rd.|Estevan|Q1O 1N5|SK|Canada
Kibo Griffin|nulla.Integer@elitdictum.co.uk|616-7424 Nunc Ave|Lloydminster|P7T 2J1|SK|Canada
Carla Wong|hymenaeos.Mauris@malesuadafamesac.ca|2533 A St.|Moose Jaw|U2O 3C0|SK|Canada
Xandra Rocha|placerat.eget.venenatis@duilectusrutrum.edu|P.O. Box 619, 5121 Dapibus Rd.|Prince Albert|X7O 6D1|SK|Canada
Cole Alexander|erat.vitae@arcuAliquam.co.uk|5185 Et Rd.|Saskatoon|R5C 8I3|SK|Canada
Nita Whitley|et@semconsequat.com|8713 Luctus Rd.|North Battleford|W8O 4Z1|SK|Canada
Hyatt Dean|Aenean.eget.metus@odio.org|877-5466 Metus Rd.|Hudson Bay|E4P 9V5|SK|Canada
Martha Ferguson|Donec@interdumenimnon.co.uk|P.O. Box 683, 4337 Magna. Rd.|Langenburg|U7T 4N6|SK|Canada
Willow Williamson|tempus.lorem@Duisvolutpatnunc.com|6225 Ac Av.|North Battleford|T7L 2P0|SK|Canada
Beatrice Edwards|cubilia.Curae;.Phasellus@utlacusNulla.org|P.O. Box 594, 3855 Pretium Road|Canora|C1Y 6G5|SK|Canada
Blythe Marshall|dignissim.tempor@Pellentesquehabitant.net|395-667 Senectus St.|Gravelbourg|L4L 3J0|SK|Canada
Indira Gilliam|vitae@erosnectellus.org|4079 Aliquam Rd.|Lang|X9W 9L2|SK|Canada
Dalton Mckenzie|gravida.non.sollicitudin@urnaconvallis.edu|Ap #636-2092 Cras Av.|Macklin|D3Y 3P2|SK|Canada
Cara Buck|In.at.pede@Fusce.org|Ap #961-221 Euismod Street|Moose Jaw|X1V 5A2|SK|Canada
Hollee Norman|ultrices.posuere@odioAliquam.net|842-4113 Nunc Ave|Lloydminster|O4M 2Z6|SK|Canada
Ingrid Duke|lobortis@CurabiturdictumPhasellus.edu|Ap #203-4958 Vel Avenue|Weyburn|M3P 9F6|SK|Canada
Basil Berg|pharetra.nibh.Aliquam@velitegetlaoreet.org|P.O. Box 599, 5929 Morbi Rd.|Milestone|E3H 4D7|SK|Canada
Anastasia Richmond|ipsum.dolor@tincidunt.co.uk|8466 Venenatis Road|Hudson Bay|G7R 9W1|SK|Canada
Darius Obrien|a@neceuismod.com|Ap #767-9143 Egestas. St.|Gravelbourg|L7V 9X3|SK|Canada
Jade Cain|a@torquentperconubia.com|106-1167 Parturient Av.|Macklin|A5T 5K6|SK|Canada
Whoopi Calhoun|pellentesque.a.facilisis@nonfeugiatnec.co.uk|Ap #673-5334 Sit St.|Lloydminster|C7G 7L1|SK|Canada
Richard Rojas|dapibus.quam@ornare.ca|375-9549 Vulputate St.|Milestone|G9P 7Y6|SK|Canada
TaShya Rose|scelerisque.neque@cursusa.net|P.O. Box 886, 2559 Interdum Rd.|Estevan|T7M 3J0|SK|Canada
Eleanor Stewart|libero.at.auctor@acturpis.ca|Ap #232-6897 Ac Street|Weyburn|S1R 2J6|SK|Canada
Thomas Farmer|quis@esttemporbibendum.co.uk|479-3541 Praesent Rd.|Maple Creek|F6M 4M7|SK|Canada
Melyssa Cline|a.facilisis@vulputatelacus.co.uk|707-7530 Sed Rd.|Prince Albert|J2R 9H3|SK|Canada
Rashad Joseph|tempus@consectetuer.net|Ap #712-9476 Ac Road|Milestone|P2S 1P0|SK|Canada
Arsenio Fulton|eleifend.nec@non.net|P.O. Box 627, 3807 Sed Street|Lang|W7J 2K1|SK|Canada
Kirk Maynard|dolor.sit.amet@vulputatenisisem.org|458-4112 Integer Av.|North Battleford|I3T 8X6|SK|Canada
Quail Avila|Donec.nibh@ornareInfaucibus.edu|132-8271 Accumsan St.|Lloydminster|K5H 5D6|SK|Canada
Scarlet Whitehead|bibendum@viverra.ca|919-1592 Lorem, Ave|Yorkton|R1P 2M9|SK|Canada
Gannon Booth|posuere.cubilia.Curae;@ametmetusAliquam.net|Ap #658-7997 Fermentum Rd.|Moose Jaw|N2N 8E3|SK|Canada
Philip Roberts|ipsum@enim.ca|7556 Vestibulum Avenue|Saskatoon|P7F 1Q3|SK|Canada
Thor Maldonado|adipiscing.elit@Aenean.edu|Ap #356-7891 Diam St.|Assiniboia|O7C 2I6|SK|Canada
Leo Walters|imperdiet.ullamcorper.Duis@commodo.org|Ap #348-3783 In Avenue|Prince Albert|P4T 5F5|SK|Canada
Desiree Valentine|Morbi.neque.tellus@Duissitamet.com|226-2027 Vel Road|Maple Creek|U5A 4V8|SK|Canada
Kristen Hull|diam@malesuadaInteger.edu|Ap #299-3962 Nunc Ave|Estevan|V8B 6E4|SK|Canada
Ulysses Hawkins|Duis.ac@pedenonummy.org|P.O. Box 418, 6972 Morbi Rd.|Weyburn|V1B 3G2|SK|Canada
Lev Weaver|Integer.urna@Aliquam.ca|P.O. Box 713, 2687 Non Rd.|Saskatoon|M2Y 2J3|SK|Canada
Josiah Whitfield|Nullam.feugiat.placerat@nonlobortisquis.net|P.O. Box 255, 2960 Fusce Ave|Canora|T1A 9K7|SK|Canada
Michael Lindsay|pharetra@ullamcorpereu.net|2346 Litora Street|Estevan|A5U 1E0|SK|Canada
Celeste Paul|eleifend@ipsum.ca|6441 Dui, St.|Lang|A1J 7D5|SK|Canada
Lewis Austin|ultrices.a.auctor@eu.edu|P.O. Box 804, 3571 Id Rd.|Yorkton|E9S 4E6|SK|Canada
Lisandra Key|natoque@sagittis.co.uk|P.O. Box 912, 9546 Integer St.|Lang|H9W 4U5|SK|Canada
Timothy Mckay|auctor@lectusrutrum.edu|5019 Dui Rd.|Assiniboia|N3S 6B0|SK|Canada
Yen Kramer|tellus@amalesuadaid.edu|2637 Convallis St.|Maple Creek|C4P 3N4|SK|Canada
Evangeline Baird|velit.Aliquam@commodoipsum.co.uk|P.O. Box 952, 9387 Hendrerit Road|Calder|E6Q 2A4|SK|Canada
Candace Hays|metus.In@eget.edu|Ap #614-6434 Eleifend Street|Lloydminster|N5P 6L8|SK|Canada
Quinlan Ochoa|augue.eu@posuere.com|5400 Tempor Rd.|Yorkton|J9A 6X9|SK|Canada
Cody Osborne|Duis@consequatdolor.edu|P.O. Box 914, 7489 Duis St.|Saskatoon|P9D 9S6|SK|Canada
Joy Estes|neque@dolorFusce.org|805-6335 Nec Rd.|Prince Albert|Y1E 5V6|SK|Canada
India Mccullough|natoque.penatibus.et@SedmolestieSed.org|P.O. Box 738, 8270 Vel Ave|Lloydminster|Z1V 1X5|SK|Canada
William Pate|pellentesque.a.facilisis@loremtristique.com|6784 Aenean Rd.|Calder|H2I 7Z9|SK|Canada
Jesse Noble|dolor.Fusce.mi@ullamcorpernislarcu.com|2689 Quam. Street|Moose Jaw|P2W 4J5|SK|Canada
Raymond Nicholson|lobortis.quis@sociisnatoquepenatibus.com|461-7591 Eu, St.|Moose Jaw|M4A 6A0|SK|Canada
Melissa Henson|in.faucibus@lobortisquis.com|Ap #186-8524 Vestibulum, St.|Weyburn|S2M 9D7|SK|Canada
Uriah Shannon|hendrerit.Donec@ligula.net|Ap #496-6161 Ac Street|Weyburn|V1L 3M2|SK|Canada
Norman Wilkins|eleifend.Cras.sed@enimconsequat.co.uk|523-2125 Non, Av.|Saskatoon|Z3T 6K6|SK|Canada
Dalton Velez|urna.justo.faucibus@faucibuslectusa.net|P.O. Box 330, 4185 Sapien Rd.|Prince Albert|P8T 2G3|SK|Canada
Daria Carpenter|felis@Vivamuseuismodurna.ca|Ap #274-744 Per St.|Moose Jaw|L3K 7U6|SK|Canada
Cody Whitney|Cras.sed.leo@congueelit.com|1570 Consectetuer Road|Saskatoon|X2Z 1K3|SK|Canada
Colleen Haney|est.vitae.sodales@semperpretium.org|P.O. Box 142, 718 Diam St.|Canora|Z7I 2L5|SK|Canada
Colleen Morris|In.faucibus.Morbi@necimperdietnec.net|863-9759 Magna Street|Lloydminster|U6L 2L5|SK|Canada
Pandora Finley|amet@Aliquamornarelibero.co.uk|977-8692 Ridiculus St.|Langenburg|F4U 3K8|SK|Canada
Hermione Pugh|nec.leo@fringillaporttitor.org|P.O. Box 690, 3695 Eleifend Street|Weyburn|M4C 7G0|SK|Canada
Hayfa Huffman|pede.ac@dictumProin.com|3518 Facilisis, Rd.|Langenburg|R7T 2S6|SK|Canada
Hilel Fields|vel.convallis@eu.edu|3393 Lacinia Av.|Saskatoon|E3G 4M8|SK|Canada
Jasper Howard|Quisque.varius@elementumloremut.net|Ap #437-254 Id Ave|Lang|U4Q 4Z5|SK|Canada
Callie Hickman|ipsum.Suspendisse.non@Nulla.co.uk|P.O. Box 159, 7083 Aliquet, St.|Gravelbourg|E3S 9E0|SK|Canada
Darrel Frazier|velit@Vivamus.edu|Ap #559-3151 Nibh. Street|Prince Albert|J9H 9I2|SK|Canada
Aristotle Barrett|vitae.aliquet@Maecenas.com|9160 Tellus Street|Maple Creek|K2U 6G4|SK|Canada
Ingrid Burton|facilisis.vitae.orci@dui.ca|Ap #636-1930 Non St.|Moose Jaw|O7B 8F5|SK|Canada
Ulysses Wiley|ultrices.iaculis.odio@Morbi.com|6920 Magna. Av.|Maple Creek|O8C 8S0|SK|Canada
Cameran Preston|et@iaculisenim.co.uk|760-2934 Vel Street|Assiniboia|J6O 5I1|SK|Canada
Bert Mack|viverra.Donec.tempus@Morbi.edu|Ap #130-1713 Sit Avenue|Regina|V1W 7B5|SK|Canada
Cathleen Graves|pede.malesuada.vel@Suspendisse.net|Ap #394-6099 Luctus Av.|Moose Jaw|N9U 7S0|SK|Canada
Yardley Joyce|malesuada.augue.ut@facilisis.edu|Ap #709-3774 Donec Rd.|Lloydminster|J7W 9U0|SK|Canada
Althea Brooks|risus.In@auctornonfeugiat.co.uk|527-7800 Velit Av.|Weyburn|Y7P 6Z2|SK|Canada
Harriet Gould|eu.arcu.Morbi@Mauriseuturpis.com|2945 Eu, Road|North Battleford|X1F 5S5|SK|Canada
Garrison Huff|interdum@duiquis.ca|875-3942 Fusce St.|Yorkton|D9G 9J7|SK|Canada
Geoffrey Blanchard|Aliquam@sollicitudin.org|Ap #550-9139 Et Rd.|Estevan|P5N 1F8|SK|Canada
Lars Carrillo|ante.ipsum@nonjustoProin.co.uk|P.O. Box 626, 4747 Sit Rd.|Assiniboia|J3K 8C7|SK|Canada
Amy Gonzalez|lacinia.orci@doloregestasrhoncus.net|P.O. Box 729, 8449 Turpis Street|Weyburn|S9B 4L9|SK|Canada
Tarik Roth|nec.ligula.consectetuer@Proinegetodio.net|271-6080 Sagittis St.|Langenburg|T9X 8M3|SK|Canada
Eliana Harmon|tempus.scelerisque@nonummy.co.uk|542-833 Lobortis Street|Yorkton|T5C 8F9|SK|Canada
Phelan Sandoval|elit.a@iaculisenimsit.edu|Ap #304-3122 Pede Avenue|Lang|M2J 7J9|SK|Canada
Callum Bowman|conubia.nostra@Fuscefermentum.ca|2440 Bibendum Avenue|Maple Creek|A3V 4S9|SK|Canada
Chanda Pruitt|eget.nisi@augueSedmolestie.co.uk|7637 Aliquam St.|Regina|R8Z 6L2|SK|Canada
Tanisha Irwin|lobortis.tellus@sit.com|P.O. Box 353, 4344 Tempus Ave|Lloydminster|S6R 2O6|SK|Canada
Edward Stevenson|eu.lacus.Quisque@nislelementum.org|707-8511 Eu, Road|Regina|U7C 9S8|SK|Canada
Patricia Sherman|leo.in@nectempusscelerisque.com|688-5318 Eget, Rd.|Yorkton|D7A 3A4|SK|Canada
Cairo Beach|Integer.eu.lacus@nec.net|Ap #415-5135 Nibh Avenue|Estevan|Q4W 9C7|SK|Canada
Shoshana Odom|Proin.vel.arcu@utipsum.org|400-6859 Morbi Ave|Hudson Bay|O1Q 1S1|SK|Canada
Christen Griffith|est.ac@atiaculisquis.com|P.O. Box 852, 7750 Enim. Avenue|Langenburg|C9W 8G3|SK|Canada
Vincent Stafford|eget.ipsum.Donec@sitametultricies.ca|P.O. Box 543, 3566 Non Ave|Langenburg|Z7H 5A9|SK|Canada
Reagan Downs|Praesent.luctus.Curabitur@sitamet.ca|3684 Urna, St.|Macklin|A6X 3M6|SK|Canada
Kaitlin Cunningham|Curae;.Donec.tincidunt@idanteNunc.co.uk|2201 Consectetuer Street|Hudson Bay|Q8G 4Z7|SK|Canada
Whoopi Manning|leo.in.lobortis@egetlacus.co.uk|Ap #197-1672 Lectus, Avenue|Moose Jaw|A9I 5A2|SK|Canada
Michael Garrison|Phasellus.ornare.Fusce@elitNulla.com|P.O. Box 534, 863 Aliquam St.|Regina|Y8J 2R5|SK|Canada
Laith Herring|amet.risus.Donec@fringillaporttitorvulputate.net|P.O. Box 706, 3131 Et, Rd.|Weyburn|U3G 5K3|SK|Canada
Harriet Wolfe|Nunc.sollicitudin@libero.org|Ap #130-3542 Metus Rd.|Lang|N3P 7S6|SK|Canada
Elton Perry|Maecenas.ornare@non.edu|Ap #105-269 Etiam Ave|Regina|M2X 5V2|SK|Canada
Jescie Ball|elementum.lorem.ut@scelerisquenequeNullam.ca|8476 Ante. St.|Gravelbourg|A8K 6W7|SK|Canada
Joan Holder|turpis@mauris.org|Ap #859-3699 Purus Street|Estevan|R3F 4A2|SK|Canada
Paul Hoover|cursus.diam@ultricesmauris.ca|351-3918 Morbi St.|Moose Jaw|Z4K 2D2|SK|Canada
Justin Weber|non.hendrerit.id@pharetrased.net|P.O. Box 165, 2202 Consectetuer Ave|Maple Creek|K7H 2O6|SK|Canada
Trevor Mcintosh|Cras@risusquisdiam.net|5183 Magna St.|North Battleford|H6G 6V6|SK|Canada
Sylvia Foreman|rhoncus.Proin.nisl@indolorFusce.co.uk|Ap #185-2194 In Rd.|Macklin|T2N 5G5|SK|Canada
Levi Berg|hendrerit.neque@antedictum.net|Ap #522-3750 Maecenas Rd.|Estevan|X8R 9U1|SK|Canada
Phelan Finley|ut.molestie.in@Phasellusfermentumconvallis.co.uk|284-9039 Est Rd.|Lang|U1Z 4D1|SK|Canada
Lenore Clemons|magna.Lorem.ipsum@ut.co.uk|P.O. Box 651, 1074 Sociis Street|Prince Albert|N9L 2K8|SK|Canada
Julie Berger|mus.Aenean.eget@cursusluctus.edu|5356 Lorem Street|Maple Creek|L7I 7X2|SK|Canada
Hiram Coffey|id.sapien.Cras@Duisatlacus.org|5074 Erat Street|Milestone|M5A 7T6|SK|Canada
Samuel Newman|lacus.pede@justo.ca|218-2128 Felis, St.|Prince Albert|V8F 2E0|SK|Canada
Hadley Maldonado|amet.risus@ornareplaceratorci.net|P.O. Box 554, 7966 Augue, Road|Prince Albert|B1X 3W4|SK|Canada
Cara Larson|diam.at.pretium@nonummyut.ca|P.O. Box 447, 3142 Porta Av.|North Battleford|L6F 8T4|SK|Canada
Hop Green|Pellentesque.ut@eleifendnunc.ca|P.O. Box 576, 1723 Adipiscing Street|Estevan|H1J 4N1|SK|Canada
Quinlan Justice|rutrum@acfacilisisfacilisis.co.uk|P.O. Box 434, 4596 Imperdiet Av.|Yorkton|F8F 3E5|SK|Canada
Alea Orr|ante.ipsum@dictumeuplacerat.org|Ap #904-101 Sollicitudin Ave|Yorkton|L9E 5M3|SK|Canada
Chancellor Raymond|a.scelerisque@ornaretortorat.ca|9194 Luctus St.|Prince Albert|Y7K 1D8|SK|Canada
Wylie Sosa|Vivamus.molestie.dapibus@mollisnec.org|847-7672 Elit St.|Estevan|K6F 2I1|SK|Canada
Erin Moody|interdum.Curabitur.dictum@Morbiaccumsanlaoreet.ca|8333 Duis St.|Saskatoon|P4X 7J8|SK|Canada
Kelsey Tillman|adipiscing.ligula@eget.edu|351-7132 Nulla St.|Lang|X7F 9A0|SK|Canada
Kasper Saunders|sem.elit.pharetra@nulla.co.uk|Ap #949-7430 Sapien. Road|Lloydminster|D9N 2Y3|SK|Canada
Jessamine Glenn|quam.Curabitur.vel@risusDonecegestas.ca|813 Placerat, St.|Gravelbourg|D9B 6F7|SK|Canada
Chloe Garcia|fermentum.metus@ultrices.com|P.O. Box 255, 8538 Neque. Rd.|Regina|N8D 9N0|SK|Canada
Cullen Carrillo|semper.erat@turpis.org|6846 Urna. St.|Saskatoon|C5Z 1H0|SK|Canada
Savannah Huff|accumsan.interdum@iaculisneceleifend.edu|P.O. Box 376, 7526 Lobortis Rd.|Milestone|L8L 9X6|SK|Canada
Hector Anderson|Nunc@egestasa.co.uk|5157 Facilisis Avenue|Gravelbourg|X6K 9P0|SK|Canada
Audrey Cameron|auctor.quis@sodaleseliterat.com|P.O. Box 585, 8790 Vitae, Av.|Saskatoon|A9Q 6Z9|SK|Canada
Julian Frazier|felis.Nulla.tempor@Donecsollicitudinadipiscing.com|Ap #989-1148 Ac Ave|Milestone|G5J 2K8|SK|Canada
Jarrod Wilcox|ipsum.Suspendisse.sagittis@antedictum.edu|601-2933 Velit. Rd.|Prince Albert|I1T 4Q6|SK|Canada
Carson Frazier|eu.odio.Phasellus@erat.net|P.O. Box 713, 3431 Arcu Rd.|Macklin|T4H 4I4|SK|Canada
Orlando Randall|fermentum.metus@erat.co.uk|P.O. Box 796, 2251 Est, Rd.|Assiniboia|Y3W 3V1|SK|Canada
Louis Lamb|dictum.augue.malesuada@Aliquamvulputate.org|Ap #338-6430 At, St.|Saskatoon|B6X 1G2|SK|Canada
Uriah Noble|hendrerit.a.arcu@Donecluctus.com|415-4469 Lorem Rd.|Lang|J8D 4O3|SK|Canada
Naida Stewart|facilisis.facilisis.magna@eu.edu|Ap #128-6474 Ullamcorper Avenue|North Battleford|L3O 2N2|SK|Canada
Cassidy Beck|dolor.Nulla.semper@senectuset.com|P.O. Box 723, 2678 Velit Road|Milestone|T5B 2U4|SK|Canada
Kay Mathews|molestie.sodales@sitamet.co.uk|264-8252 Ante. St.|North Battleford|V1N 4C1|SK|Canada
Alden Stanton|ut@sociisnatoque.com|1090 Arcu. Road|Regina|N6B 6I3|SK|Canada
Lunea Shelton|arcu.Nunc@atiaculis.co.uk|P.O. Box 798, 8185 Nunc Avenue|Assiniboia|Z1W 1N0|SK|Canada
Tatum Macdonald|a@estMauris.org|P.O. Box 353, 9036 Orci, Street|Saskatoon|U1S 3X8|SK|Canada
Dieter King|Suspendisse.aliquet@egestas.edu|6057 Augue St.|North Battleford|K5M 5H3|SK|Canada
Hamish Jacobson|id.ante@sitametante.edu|3740 Sem, Road|Yorkton|W4L 2R7|SK|Canada
Dolan Lancaster|aliquam.adipiscing.lacus@sapienimperdietornare.com|820-4798 Cursus, St.|Milestone|E5O 2Q5|SK|Canada
Callum Martin|parturient.montes@sodales.edu|279-4287 Donec Rd.|Langenburg|B5R 5M0|SK|Canada
Tanisha Mendoza|Duis.elementum.dui@ornare.co.uk|P.O. Box 927, 2899 Metus. Ave|Canora|M7S 8O1|SK|Canada
Carlos Roth|lorem.ut.aliquam@dignissimtempor.org|360-793 Nec Street|Assiniboia|S7R 9Y1|SK|Canada
Shannon Hayden|eu.dui.Cum@et.ca|Ap #982-301 Nec, Street|Milestone|T9B 7W3|SK|Canada
August Fischer|nec.leo.Morbi@Proin.co.uk|611 Suspendisse Av.|Macklin|W2W 3L9|SK|Canada
Cooper Rivera|dolor.sit@Inornaresagittis.com|P.O. Box 458, 7250 Quis, Road|Langenburg|T9I 1Q2|SK|Canada
Seth Sutton|libero.nec.ligula@nunc.co.uk|P.O. Box 343, 5511 Luctus Avenue|Langenburg|N2S 4Z7|SK|Canada
Price Dixon|nisi@Mauriseuturpis.ca|5906 Aliquet Rd.|Estevan|G6M 5Y1|SK|Canada
Myles Randall|vestibulum.Mauris.magna@parturient.edu|Ap #649-7657 Faucibus. Rd.|Gravelbourg|I2H 3G5|SK|Canada
Nora Rocha|urna.Ut@pretium.com|Ap #432-3104 Erat, Road|Estevan|A7K 6P9|SK|Canada
Kyla Miles|lectus.quis@elit.edu|8163 Tincidunt Avenue|Moose Jaw|F9E 8O9|SK|Canada
Skyler Macdonald|Suspendisse@nequeIn.co.uk|823-408 A Road|Saskatoon|Y2N 4T8|SK|Canada
Abbot Rosales|id@sit.co.uk|7213 Blandit St.|Gravelbourg|V3C 8C9|SK|Canada
Fulton Gates|Aliquam.auctor@liberoDonec.net|7004 Donec Rd.|Assiniboia|A9H 4I1|SK|Canada
Ryder Pate|est.Mauris.eu@elementumategestas.net|251-4790 Integer St.|Calder|Q6V 8V6|SK|Canada
Brenden Garrett|viverra.Donec.tempus@luctus.org|5515 Augue, Street|Estevan|L9T 1Y4|SK|Canada
Hashim Luna|ridiculus.mus.Aenean@vehiculaet.ca|5431 Tellus. Avenue|Gravelbourg|B1F 2J3|SK|Canada
Caesar Riley|id@luctuslobortisClass.org|P.O. Box 455, 2048 Mi Rd.|Yorkton|L7R 3A5|SK|Canada
Isabelle Washington|orci.sem.eget@Sedid.org|Ap #941-1251 Sem St.|Assiniboia|H7F 3S7|SK|Canada
Wylie Ware|Nam@elit.net|855-9458 Et, Avenue|Prince Albert|A9A 1J2|SK|Canada
Randall Riley|Cum.sociis@Vestibulumuteros.net|P.O. Box 964, 5911 Gravida Road|Lloydminster|I6H 8O3|SK|Canada
Noah Burke|ac.feugiat.non@Donecnon.ca|5691 Sodales St.|Canora|B1Z 5V9|SK|Canada
Keith House|tellus@ataugue.co.uk|644-2215 At St.|Estevan|E9J 6A3|SK|Canada
Dillon Garza|at.lacus@gravidaPraesenteu.edu|542-5676 Pulvinar Road|Maple Creek|Q1K 7Y9|SK|Canada
Thor Navarro|accumsan.convallis@sapien.org|Ap #429-645 Erat Rd.|Weyburn|L3V 7V0|SK|Canada
Constance Stout|Lorem.ipsum.dolor@eleifendnondapibus.ca|P.O. Box 481, 6660 Nunc Street|Calder|O2O 8P1|SK|Canada
Violet May|Aliquam.ultrices@vel.net|P.O. Box 250, 6021 Nibh. Ave|Macklin|W5H 4X3|SK|Canada
Danielle Stuart|arcu.Aliquam.ultrices@feugiat.co.uk|1239 Nec, Street|Saskatoon|Q6K 6B0|SK|Canada
Xyla Mckinney|malesuada.vel@vitae.com|885-343 Volutpat St.|Assiniboia|D7O 9Y7|SK|Canada
Riley Cabrera|quis@nonleoVivamus.ca|Ap #104-848 Semper Road|Yorkton|U9T 1W8|SK|Canada
Troy Knowles|sed@vitae.com|P.O. Box 328, 832 Metus St.|Gravelbourg|L6H 8L3|SK|Canada
Flavia Nichols|blandit.enim@euismodmauriseu.ca|P.O. Box 776, 4896 Consequat Rd.|Weyburn|F4L 7I5|SK|Canada
Palmer Phelps|orci.lacus@diam.edu|Ap #444-5258 Dignissim St.|Assiniboia|N2Q 6K7|SK|Canada
Phelan Ferguson|magna@tellusloremeu.co.uk|P.O. Box 411, 5778 Eget St.|Lang|K6E 4I6|SK|Canada
