Ursa Sims|justo@taciti.org|Ap #492-4697 Sed Street|Whitehorse |N8Q 4J7|YT|Canada
Fay Compton|sed.est@magnaCrasconvallis.net|4395 Consectetuer, St.|Whitehorse |W3T 7F3|YT|Canada
Nerea Romero|lobortis.nisi.nibh@pretium.org|Ap #901-1679 Iaculis Avenue|Whitehorse |M7A 7I4|YT|Canada
Jerome Hubbard|ac.mattis.ornare@atortor.com|P.O. Box 711, 7697 Pede Av.|Whitehorse |F2O 3W9|YT|Canada
Keegan Jordan|Maecenas@lorem.com|530-7636 Quisque Av.|Watson Lake|F1J 7Y5|YT|Canada
Keane Kane|pharetra.nibh.Aliquam@purusactellus.com|849-5458 Rutrum Road|Watson Lake|Q8I 7M1|YT|Canada
Nehru Valencia|Donec.feugiat@vehicula.ca|8430 Morbi Av.|Watson Lake|B9S 5J4|YT|Canada
Jennifer Potts|congue.elit.sed@sitamet.com|P.O. Box 386, 9886 Arcu St.|Whitehorse |B4A 5W8|YT|Canada
Chester Bullock|nisi.magna@In.com|P.O. Box 773, 7449 Ullamcorper. Av.|Whitehorse |Z1P 8Y4|YT|Canada
Ferris Mosley|lacus.Mauris.non@et.edu|P.O. Box 812, 3441 Sociis Avenue|Whitehorse |A4K 2S4|YT|Canada
Chadwick Brock|ipsum.sodales.purus@gravidamauris.com|630-7222 Interdum. Av.|Watson Lake|A9A 1S7|YT|Canada
Justin Short|Phasellus.in@tortorNunccommodo.co.uk|7196 Ante Rd.|Watson Lake|S5I 9H6|YT|Canada
Cassidy Mclaughlin|et@semper.com|6541 Cras St.|Whitehorse |F6E 1Z7|YT|Canada
Rhoda Cantu|nec.enim@duiaugueeu.com|2700 Blandit Road|Whitehorse |W2S 5Q6|YT|Canada
Mechelle Whitley|tempus@velit.edu|680-5875 Feugiat. Road|Whitehorse |C6R 5U4|YT|Canada
Amery Simpson|Praesent.eu.dui@variusorci.org|P.O. Box 966, 6293 Interdum Rd.|Watson Lake|K9C 8X3|YT|Canada
Kermit Ramsey|at.augue@duisemperet.edu|P.O. Box 136, 589 Ipsum. St.|Whitehorse |A8V 4N3|YT|Canada
Gillian Bowman|sodales@natoquepenatibuset.co.uk|P.O. Box 140, 3796 Amet Av.|Watson Lake|E5C 4N7|YT|Canada
Jaden Harrell|fermentum.arcu@senectuset.net|362-4390 In St.|Watson Lake|M1W 6D9|YT|Canada
William Bailey|lectus.rutrum.urna@ametrisusDonec.ca|265-2789 Sodales Av.|Whitehorse |U5Y 1N3|YT|Canada
Robert Rollins|quam@vehiculaPellentesquetincidunt.org|756 Fusce Ave|Watson Lake|G8G 6E6|YT|Canada
Juliet Mcintyre|ac.feugiat@tellusPhasellus.ca|9886 Mauris Street|Whitehorse |E9T 9E9|YT|Canada
Rhonda Flynn|diam.Pellentesque.habitant@dui.edu|181-1592 Malesuada Rd.|Whitehorse |V5F 8F0|YT|Canada
Linda Blackwell|rhoncus.Proin@malesuada.org|631-1999 Nisl Street|Whitehorse |I6G 6O2|YT|Canada
Nicholas Campbell|commodo.at.libero@turpisNulla.org|P.O. Box 736, 6465 Mauris St.|Watson Lake|L2J 7H5|YT|Canada
Ivana Graham|fames@acturpisegestas.edu|439-905 Rhoncus. Street|Watson Lake|X3J 3W5|YT|Canada
Colt Eaton|placerat.velit@facilisisfacilisis.com|5155 Enim. Street|Watson Lake|U4P 9C2|YT|Canada
Ivana Mercer|ut@tempus.org|2344 Ante. Av.|Watson Lake|E9M 5I8|YT|Canada
Zachary Mccall|bibendum.ullamcorper@dictumProin.edu|Ap #538-5870 Ipsum Avenue|Whitehorse |T8W 9C8|YT|Canada
Celeste Mason|dignissim@dolorsit.org|8217 Proin Road|Watson Lake|J4S 3H9|YT|Canada
Beau Lowe|eleifend@Fuscedolorquam.ca|P.O. Box 759, 5675 Pede, Avenue|Watson Lake|E6D 2H6|YT|Canada
Adam Grimes|venenatis.vel.faucibus@nullamagna.co.uk|6466 Amet Rd.|Whitehorse |D6G 5M0|YT|Canada
Geoffrey Mercer|at.auctor@at.net|732-1620 Est. Av.|Whitehorse |X1U 9B5|YT|Canada
Hedwig Webb|amet.ultricies@Pellentesquetincidunttempus.net|8566 Duis Ave|Whitehorse |Z3T 6G3|YT|Canada
Christen Rosa|enim.Sed@Pellentesque.edu|Ap #943-6140 Nec Rd.|Whitehorse |Y1T 7K4|YT|Canada
Vaughan Keller|Cras@nunc.net|552-3095 Morbi Ave|Watson Lake|E3O 9F4|YT|Canada
Wallace Cochran|scelerisque.dui@acfacilisisfacilisis.co.uk|708-9018 Nulla Ave|Watson Lake|A8G 5U8|YT|Canada
Kalia Hester|non.enim.commodo@vehiculaaliquet.org|6860 Tellus. Av.|Watson Lake|P6N 9D8|YT|Canada
Holly Dawson|rhoncus.Proin@Donecfeugiatmetus.com|P.O. Box 735, 3863 Adipiscing Avenue|Watson Lake|D5Q 9W3|YT|Canada
Wanda Munoz|purus.Duis.elementum@mi.com|8121 Sapien, Rd.|Whitehorse |I6N 2L2|YT|Canada
Simon Nash|consectetuer.euismod.est@Class.co.uk|Ap #745-1391 Nunc Rd.|Whitehorse |J4R 3L3|YT|Canada
Imogene Johnson|libero.mauris@ipsum.ca|2051 Nullam Rd.|Whitehorse |K5Z 1L8|YT|Canada
Maite Carson|Curabitur.dictum@tempusnon.com|Ap #775-9204 Amet Road|Watson Lake|Q5G 1F9|YT|Canada
Margaret Fuentes|nisl.arcu.iaculis@atfringilla.org|730-6890 Proin St.|Watson Lake|C3P 7F8|YT|Canada
Zephr Reilly|non.feugiat@tempordiam.ca|549-9254 Eu, St.|Whitehorse |R4T 2E6|YT|Canada
Ivory Rodriquez|a.dui@dignissimmagna.com|995-4458 Sit St.|Whitehorse |B6U 4I4|YT|Canada
Derek Howell|sed@malesuada.edu|Ap #529-6786 Eu St.|Whitehorse |C5U 4B7|YT|Canada
Hanna Hatfield|odio@ante.com|417-6359 Vulputate, Rd.|Whitehorse |D3J 5G8|YT|Canada
Maggy Dunn|elementum.at.egestas@Seddiam.com|8632 Sodales Road|Watson Lake|E3F 9T8|YT|Canada
MacKensie Sullivan|fringilla.porttitor@at.co.uk|Ap #712-7977 Sem Rd.|Whitehorse |E3Y 7R3|YT|Canada
Brandon Sandoval|Nulla@pedesagittisaugue.edu|9550 Fusce Street|Watson Lake|W1X 3Y7|YT|Canada
Kevyn Herring|leo@duiFusce.co.uk|4458 Scelerisque Ave|Watson Lake|H6A 8F6|YT|Canada
Gillian Howe|et.euismod@est.net|977-5559 Molestie. St.|Watson Lake|H7W 4Z6|YT|Canada
Isaiah Moon|ac.fermentum.vel@primisin.co.uk|Ap #687-9742 Risus. Rd.|Watson Lake|I5J 1H8|YT|Canada
Callie Bradford|dui@intempus.com|Ap #930-6455 Mauris Av.|Watson Lake|D9O 5Y1|YT|Canada
Yvette Rutledge|dolor.nonummy@ipsumdolor.co.uk|598-9950 Convallis, Av.|Whitehorse |K6K 9H3|YT|Canada
Isabella Kelly|arcu@malesuadaiderat.ca|Ap #191-9170 Ornare Road|Whitehorse |R3Z 2G6|YT|Canada
Brenda Vincent|nonummy.ultricies.ornare@anequeNullam.edu|Ap #124-8330 Sagittis Ave|Whitehorse |K9T 8M7|YT|Canada
Mary Berry|urna@ultriciesadipiscingenim.com|Ap #510-9249 Fringilla St.|Watson Lake|P3G 2I1|YT|Canada
Quin Holder|Donec.nibh.Quisque@interdumliberodui.org|P.O. Box 924, 7889 Senectus Ave|Whitehorse |N9T 3Y5|YT|Canada
Burton Morton|a.arcu.Sed@arcuet.co.uk|4164 Morbi Street|Watson Lake|D3S 8S6|YT|Canada
Wyatt Maxwell|placerat@dolorsitamet.com|Ap #619-2958 Dapibus Rd.|Watson Lake|C3Y 8M8|YT|Canada
Axel Chase|lectus.pede.ultrices@mollis.net|P.O. Box 582, 6469 A, Road|Watson Lake|M4R 7E0|YT|Canada
Xena Donovan|vehicula.aliquet@ornareegestasligula.ca|Ap #237-2527 Lorem Street|Whitehorse |C8H 7L5|YT|Canada
Damon Owen|risus.odio.auctor@etrutrumeu.org|795-2703 Fringilla Rd.|Whitehorse |T3K 9T0|YT|Canada
Chaney Coffey|pede.ultrices.a@euismodest.edu|P.O. Box 425, 2286 Lacus Road|Watson Lake|K7X 1V1|YT|Canada
Nigel Farmer|nec@Phasellus.net|5191 Montes, Street|Whitehorse |O8J 9Q6|YT|Canada
Felicia Jimenez|eu@elit.edu|2778 Integer St.|Whitehorse |R3U 1L1|YT|Canada
Camilla Cantu|mauris.sit@sociosquad.com|Ap #504-8885 Turpis Road|Whitehorse |N3B 8N9|YT|Canada
Jolene Page|nisl.elementum.purus@Donecelementumlorem.ca|P.O. Box 859, 6729 Nibh St.|Watson Lake|C7E 2Q4|YT|Canada
Gage Howard|libero.Morbi.accumsan@aodio.ca|P.O. Box 796, 5534 Ut Rd.|Whitehorse |O1I 2O2|YT|Canada
Palmer Cleveland|vestibulum.neque@eratvel.co.uk|P.O. Box 282, 5080 Erat Rd.|Watson Lake|T3P 8B2|YT|Canada
Ian Best|arcu.Curabitur.ut@vehiculaet.ca|864 Accumsan Rd.|Watson Lake|O9D 7R6|YT|Canada
Aileen Harding|dolor.sit@Cras.net|Ap #255-3953 Et Street|Whitehorse |V3J 4K5|YT|Canada
Kamal Medina|semper.dui@metusAliquamerat.co.uk|919-2985 Vel Av.|Watson Lake|Z2Y 5Z0|YT|Canada
Teegan Noel|a@eulacus.edu|307-8732 Metus Road|Whitehorse |C2G 8I6|YT|Canada
Nola Raymond|libero.dui@nec.org|377-9269 Dolor, Rd.|Whitehorse |R7N 1Q8|YT|Canada
Veronica Reynolds|Donec@ipsum.com|P.O. Box 893, 9395 Ante. Rd.|Watson Lake|K5D 7T0|YT|Canada
Lani Leon|Morbi.vehicula@nislsemconsequat.edu|P.O. Box 507, 8613 Eu Ave|Watson Lake|M5W 7V8|YT|Canada
Hiroko Oliver|turpis.vitae.purus@etipsum.co.uk|Ap #899-2566 A Ave|Watson Lake|A8N 2T4|YT|Canada
Amaya Blake|Proin.vel.arcu@commodotincidunt.edu|Ap #730-9654 Sapien, St.|Watson Lake|A3F 1S0|YT|Canada
Caesar Wilcox|ligula.Aenean@sem.edu|388-1300 Nec, Road|Whitehorse |W6F 6N4|YT|Canada
Reagan Nielsen|felis.Donec@laoreetposuereenim.co.uk|P.O. Box 408, 2289 Urna. Rd.|Watson Lake|X9E 6P1|YT|Canada
Xantha Hendricks|commodo.at@diamluctus.ca|453-1929 Vestibulum Av.|Watson Lake|K7H 9C4|YT|Canada
Cassandra Strong|orci.tincidunt.adipiscing@dui.org|989-9539 Id, Road|Whitehorse |W6T 9A9|YT|Canada
Wyoming Greer|quis.pede.Praesent@lacus.ca|P.O. Box 100, 8467 Nam St.|Watson Lake|T3Z 2R1|YT|Canada
