Rae Steele,faucibus@erosNamconsequat.com,P.O. Box 173, 6003 Congue. Avenue,Shippagan,F3X 4M3,NB,Canada
Tobias Castro,dui.augue@vitae.edu,2767 Augue Street,Edmundston,P1I 9G0,NB,Canada
Xaviera Macdonald,magna.et@nuncQuisque.ca,2084 Ornare, Avenue,Saint John,R4R 5P7,NB,Canada
Leo Calderon,lectus.ante.dictum@eleifendnunc.org,Ap #198-7607 Lorem St.,Quispamsis,D4Y 5S8,NB,Canada
Christen Carey,lacus@consequat.net,979 Vel, Rd.,Grand Falls,D3D 1D3,NB,Canada
Giacomo Love,auctor.ullamcorper.nisl@mollisnoncursus.com,491-5736 Et, Road,Clare,S4T 9Z8,NB,Canada
Odessa Fuentes,dictum.cursus.Nunc@nulla.edu,550-5274 Ac, Rd.,Rexton,K1P 9Z6,NB,Canada
Wyoming Durham,gravida.non@massaMaurisvestibulum.co.uk,8553 Ultricies Rd.,Saint André,Y2B 4P6,NB,Canada
Clark Nieves,Ut@mauriseuelit.org,479-1059 Orci, Av.,Tracadie-Shelia,M2X 1M3,NB,Canada
Luke Ewing,ut@eget.co.uk,P.O. Box 308, 8012 Cursus Rd.,Quispamsis,J4M 1G3,NB,Canada
Stewart Terrell,nunc@luctuslobortis.edu,100-176 At Avenue,Shédiac,L5W 9Y9,NB,Canada
Austin Mayer,nunc@utcursus.org,2703 Ac, St.,Saint-Léonard,S7T 7Z5,NB,Canada
Simone Little,sociis.natoque@molestie.org,P.O. Box 338, 4319 Cubilia Av.,Grand Falls,M7J 4D3,NB,Canada
Olivia Burton,ac@egetmagna.net,Ap #460-5814 Malesuada St.,Dieppe,N3F 5E4,NB,Canada
Xaviera Wright,Duis.ac.arcu@arcu.org,830-2543 Commodo Avenue,Grand Falls,R9S 8E1,NB,Canada
Judah Hartman,vitae@amet.com,320-8794 Molestie. St.,Rothesay,P2Y 3O5,NB,Canada
Kieran Diaz,bibendum.sed.est@ac.co.uk,P.O. Box 203, 7647 Congue Rd.,Oromocto,A2C 3Y3,NB,Canada
Gray Velez,eget.ipsum@Sed.com,Ap #634-7862 Nullam St.,Saint John,R5Y 9S8,NB,Canada
Ori Tucker,pede@sodalesMaurisblandit.edu,P.O. Box 646, 2235 Dis Ave,Edmundston,Y5J 2Q1,NB,Canada
Roth Morales,convallis@Suspendisse.org,163-1697 At Avenue,Miramichi,V9B 4O8,NB,Canada
Octavia England,ipsum@at.org,7744 Diam Avenue,Cap-Pelé,S6A 9F2,NB,Canada
Chaim Watts,sit@Fuscedolor.net,P.O. Box 643, 5414 Metus Street,Miramichi,P1Y 5L0,NB,Canada
Hiram Lopez,Morbi.sit.amet@rutrumlorem.net,4767 Nascetur St.,Quispamsis,D8Z 1P7,NB,Canada
Yetta Saunders,egestas.a.dui@Suspendisseac.com,474-450 Mauris Rd.,Moncton,C3U 4N3,NB,Canada
Piper Lyons,blandit.enim.consequat@dictumeu.net,Ap #602-8649 Scelerisque St.,Fredericton,O5B 6G5,NB,Canada
Colleen Nguyen,libero@turpisIncondimentum.com,P.O. Box 815, 2199 Vitae, Road,Saint-Léonard,Y4C 3V1,NB,Canada
Helen Whitehead,mollis@elit.co.uk,875-2813 Amet St.,Shippagan,Y8M 6L3,NB,Canada
Lillian Alvarado,non@magnaSuspendisse.edu,Ap #847-3259 Eros. St.,Moncton,R8K 8Q6,NB,Canada
Charde Haney,euismod@ullamcorperDuisat.co.uk,Ap #478-1624 Sollicitudin St.,Clare,Q1C 1Y3,NB,Canada
Carla Boyle,sit.amet@et.ca,P.O. Box 974, 3690 Ligula St.,Cap-Pelé,L8V 2Q1,NB,Canada
Carissa Horne,diam.Duis.mi@tempor.co.uk,558-6215 Magna. St.,Edmundston,K2M 2P6,NB,Canada
Austin Chambers,vel.turpis@luctuset.net,753-2441 Non Street,Fredericton,Q3K 7H7,NB,Canada
Hilary Fowler,vulputate.lacus.Cras@sollicitudinorcisem.com,P.O. Box 703, 1431 Enim, Rd.,Carlton,O4K 1Y0,NB,Canada
Orlando Pollard,vel.pede.blandit@tincidunt.ca,547-5183 Phasellus Av.,Rothesay,G6D 5I3,NB,Canada
Kelsie Joseph,eget.volutpat@etnunc.ca,7004 Proin St.,Saint John,L7M 7K6,NB,Canada
Sara Richard,Pellentesque.ultricies.dignissim@quisdiam.edu,P.O. Box 658, 3649 Luctus Av.,Grand Falls,N4B 4R5,NB,Canada
Josiah Johnston,lectus.Nullam.suscipit@ametlorem.com,P.O. Box 849, 8264 Fames St.,Cap-Pelé,M6Y 5N6,NB,Canada
Martha Fernandez,Sed.diam.lorem@enim.co.uk,P.O. Box 390, 4918 Neque Rd.,Rothesay,O3Y 7W3,NB,Canada
Castor Moreno,diam@sollicitudincommodo.edu,2089 Sem Street,Dieppe,Z9T 2T5,NB,Canada
Colby Hoffman,metus@fringillapurus.com,1775 Orci. Road,Rothesay,H3G 9J5,NB,Canada
Lamar Vega,nulla@urna.org,6077 Risus. Avenue,Shippagan,P1Q 5H6,NB,Canada
Damian Washington,In.condimentum@semutcursus.com,5449 Egestas. Ave,Cap-Pelé,T7Y 8C8,NB,Canada
Tamara Ferguson,Nunc.ullamcorper@cursus.ca,Ap #293-3527 Non, Road,Shippagan,V5N 3N3,NB,Canada
Nicholas Dodson,et.netus@ettristiquepellentesque.org,474-3577 Aenean Ave,Cap-Pelé,F2Q 9E1,NB,Canada
Jenna Adkins,Suspendisse.commodo@diamlorem.edu,131-4685 Sem St.,Quispamsis,O5I 2T6,NB,Canada
Mallory Dixon,nec.diam@suscipitest.edu,Ap #298-2004 Sed Av.,Dieppe,P9Z 9J3,NB,Canada
Audra Farley,aliquet.libero.Integer@tincidunt.net,Ap #842-1292 Mauris Rd.,Dieppe,R6O 1R0,NB,Canada
Iris Duran,sit.amet.massa@consectetueradipiscingelit.co.uk,210-801 Pellentesque Street,Rexton,Y6N 6V7,NB,Canada
Galvin Fleming,vitae.diam.Proin@ridiculusmusAenean.ca,P.O. Box 784, 8909 Fusce Avenue,Rexton,Q9L 2U5,NB,Canada
Sophia Wynn,tempor.lorem@magnanec.net,3170 Sollicitudin Ave,Moncton,N4D 9O1,NB,Canada
Tatiana Weeks,convallis@Phasellusin.org,871-3773 Ante. Road,Moncton,J2P 3K3,NB,Canada
Ocean Duke,adipiscing@placeratCrasdictum.org,277-8029 Consequat Ave,Fredericton,K4V 2G1,NB,Canada
Damon Maddox,montes.nascetur.ridiculus@pedeCras.net,Ap #811-9149 Dictum Ave,Moncton,G5J 5J7,NB,Canada
Jasmine Wiley,in.felis@nuncullamcorper.ca,Ap #671-8761 Integer St.,Grand Falls,A9E 4C9,NB,Canada
Alan Potts,nunc@magnaetipsum.edu,Ap #877-2054 Et, Ave,Tracadie-Shelia,Y6J 6J2,NB,Canada
Tana Vazquez,mi@Pellentesque.co.uk,3210 Non, Avenue,Saint John,L3J 1X2,NB,Canada
Scott Coleman,elit.elit.fermentum@maurissit.co.uk,P.O. Box 393, 3587 Velit. Road,Edmundston,T8D 5M9,NB,Canada
Perry Richardson,dolor@Cumsociisnatoque.ca,701 Volutpat. Road,Dieppe,H7F 3O5,NB,Canada
Travis Bernard,Aliquam.nisl.Nulla@lobortisauguescelerisque.co.uk,667-3645 Sit Rd.,Edmundston,K7X 8X2,NB,Canada
Declan Patton,ipsum@cursusInteger.net,P.O. Box 936, 910 Malesuada Street,Edmundston,H4D 6I1,NB,Canada
Salvador Garrett,Vestibulum@dictumeu.edu,P.O. Box 406, 8860 Libero. Rd.,Grand Falls,U9S 2P0,NB,Canada
Adele Holloway,Integer.in@arcu.edu,609-6757 Eu Rd.,Carlton,T8F 8T3,NB,Canada
Ulla Wade,placerat@mi.ca,8892 Porttitor Rd.,Tracadie-Shelia,E6C 4Z9,NB,Canada
Sopoline Spencer,nunc.est@tellusPhasellus.org,4546 Ac Rd.,Rexton,W4H 4V8,NB,Canada
Kalia Burris,non@sodalesat.co.uk,P.O. Box 350, 725 Rutrum St.,Cap-Pelé,R8T 2O7,NB,Canada
Echo Randall,quis@euodio.edu,Ap #430-2629 Vitae, St.,Rexton,G8B 8R5,NB,Canada
Signe Holt,metus@nisiAenean.org,P.O. Box 803, 5084 Risus. Rd.,Cap-Pelé,H3U 4N8,NB,Canada
Moana Pittman,Fusce.aliquet.magna@cursusnon.ca,Ap #846-3463 Fringilla St.,Saint André,M5W 2X1,NB,Canada
Alexis Bernard,in.dolor.Fusce@erosProinultrices.co.uk,Ap #813-911 Senectus Road,Rothesay,S4X 7E3,NB,Canada
Rhonda Beard,Sed.molestie.Sed@sitametultricies.org,4022 Parturient Av.,Rothesay,J7H 9O6,NB,Canada
Hop Lamb,mauris@gravida.org,Ap #686-142 Phasellus Avenue,Dieppe,L7K 7L1,NB,Canada
Aladdin Adkins,congue@justonec.com,197-8134 Orci Ave,Cap-Pelé,H3H 2E6,NB,Canada
Irma Ball,imperdiet@Class.edu,P.O. Box 981, 1754 Imperdiet St.,Rothesay,L1C 2T0,NB,Canada
Xander Saunders,nisl.Quisque.fringilla@leoMorbineque.com,343 Velit Ave,Rexton,B9W 4C6,NB,Canada
Elmo Nielsen,eu.ligula@Fuscemollis.ca,P.O. Box 237, 7431 Curae; Avenue,Cap-Pelé,C1H 1G2,NB,Canada
Odessa Wright,risus.Nunc@Donec.edu,328-2634 Hendrerit Avenue,Grand Falls,W9Q 6X6,NB,Canada
Angela Ross,lectus.quis.massa@nisiCum.org,P.O. Box 176, 4961 Ipsum Avenue,Clare,E6K 2U1,NB,Canada
Dennis Richard,nec@sem.ca,P.O. Box 213, 3904 Parturient Rd.,Rexton,G9A 5F2,NB,Canada
Dennis Jacobson,Aenean@temporerat.com,573-1289 Semper Avenue,Moncton,T6W 9T3,NB,Canada
Kellie Finch,tristique.ac.eleifend@malesuada.edu,P.O. Box 962, 1999 Felis. Avenue,Fredericton,S1A 7E3,NB,Canada
Adena Mccray,Fusce.aliquam.enim@disparturient.ca,335-7517 Imperdiet Av.,Quispamsis,Q2Y 1T0,NB,Canada
Micah Preston,et.rutrum.eu@rutrumFuscedolor.com,Ap #390-2422 Vitae Street,Quispamsis,V9N 1W7,NB,Canada
Dahlia Brown,sit.amet@nislNulla.com,Ap #156-421 Cum St.,Cap-Pelé,U8T 2D4,NB,Canada
Kathleen Kerr,Nullam.suscipit.est@accumsan.net,859-5375 Blandit Av.,Fredericton,I5J 1U5,NB,Canada
Eve Haley,netus@aduiCras.co.uk,Ap #821-2215 Tellus. Street,Oromocto,B8H 6W3,NB,Canada
Christian Underwood,Suspendisse@quam.net,880-5190 Est Road,Tracadie-Shelia,X8E 3Q6,NB,Canada
Lara Haney,montes.nascetur.ridiculus@semut.edu,P.O. Box 225, 1580 In St.,Moncton,G9X 8S1,NB,Canada
Lewis Hansen,Maecenas.libero.est@non.co.uk,Ap #800-5367 Proin Rd.,Rothesay,V8G 2R7,NB,Canada
Ahmed Rivera,pharetra.felis@diam.ca,1725 A, St.,Rothesay,H5U 5R9,NB,Canada
Daphne Walsh,ut.aliquam@antedictum.org,1829 Blandit St.,Carlton,O8V 2L6,NB,Canada
Ezra Dickerson,est@gravida.co.uk,Ap #138-7232 Egestas Av.,Quispamsis,Y1N 7F2,NB,Canada
Idona Lopez,velit@in.co.uk,P.O. Box 618, 9822 Ac Rd.,Clare,D3J 3F5,NB,Canada
Beck Sims,In@Quisque.org,P.O. Box 373, 7752 Nulla Ave,Miramichi,Q2Y 2E6,NB,Canada
Sara Gould,purus@Sed.com,P.O. Box 797, 8197 Ante Rd.,Rexton,T7F 8G2,NB,Canada
Vincent Guerrero,risus.Donec@eutellus.org,250-2113 A St.,Carlton,Z7A 1B8,NB,Canada
Elliott Franks,euismod@vitaeposuere.co.uk,561-8306 A, St.,Quispamsis,L4D 7D9,NB,Canada
Chloe Bradshaw,et.nunc.Quisque@ultrices.edu,P.O. Box 564, 8273 Molestie Ave,Shippagan,V9H 1C4,NB,Canada
Halla Good,sed.libero.Proin@facilisislorem.ca,P.O. Box 305, 9633 Sapien. St.,Clare,B9G 4N0,NB,Canada
Bevis Barton,pulvinar.arcu@semper.ca,P.O. Box 739, 4514 A Ave,Oromocto,E7D 4E9,NB,Canada
Hall Robles,sed.sem.egestas@Phasellusataugue.edu,P.O. Box 957, 1440 Consectetuer Rd.,Rexton,J5J 6S3,NB,Canada
Iola Hutchinson,enim.Suspendisse.aliquet@justoPraesentluctus.co.uk,P.O. Box 917, 242 Amet St.,Saint John,S6U 8I2,NB,Canada
Tamara Zimmerman,Sed.nulla.ante@placerategetvenenatis.co.uk,Ap #565-3897 Mauris, Road,Dieppe,Y7V 1S9,NB,Canada
Hyatt Gibbs,Fusce.diam@quis.ca,Ap #205-5547 Eros. Rd.,Rothesay,N5D 6J1,NB,Canada
Natalie Barlow,risus.Donec@dui.ca,6515 Mi Ave,Cap-Pelé,Z9S 5M1,NB,Canada
Griffith Whitfield,nulla@imperdieteratnonummy.ca,2579 Neque Avenue,Dieppe,O5Y 2B0,NB,Canada
Aline Schneider,elementum.purus.accumsan@mauris.com,5116 Penatibus Av.,Oromocto,D7E 4J0,NB,Canada
Justina Mcgowan,vulputate.velit.eu@vitae.com,185-9832 Penatibus St.,Tracadie-Shelia,T8I 2T1,NB,Canada
Lewis Rich,dui.Cras@sociis.co.uk,Ap #832-572 Non St.,Shédiac,A3P 8G0,NB,Canada
Sopoline Mcdonald,lacus@tristique.org,Ap #132-2275 In Ave,Shédiac,Q7I 9V3,NB,Canada
Kenneth Clements,eget@facilisiSed.net,4478 Turpis Road,Shippagan,S4Y 3E9,NB,Canada
Akeem Beasley,quis.arcu@Phasellusdolor.co.uk,Ap #828-5949 Dictum Road,Carlton,Q4X 4E9,NB,Canada
Rogan Baird,libero.et@liberomaurisaliquam.co.uk,9075 Ac Rd.,Dieppe,C6Z 5J4,NB,Canada
Ferris Jenkins,luctus.ut.pellentesque@Cum.net,8437 Neque. St.,Grand Falls,O6W 9H6,NB,Canada
Lucius Davis,iaculis@velitjustonec.net,377-844 Enim. Rd.,Quispamsis,A5P 8D5,NB,Canada
Anastasia Cameron,Cras.interdum.Nunc@musDonecdignissim.edu,547-5198 Sapien Rd.,Moncton,R3R 7B5,NB,Canada
Upton Ford,dignissim@etmalesuadafames.net,P.O. Box 644, 5072 Enim Ave,Rexton,A5B 4V1,NB,Canada
Aspen Mcfarland,aliquam.adipiscing.lacus@cursusluctus.co.uk,157-6823 Interdum Rd.,Rothesay,F6Q 6C1,NB,Canada
Zahir Tanner,convallis@Suspendissesagittis.edu,Ap #340-3036 Vel Rd.,Tracadie-Shelia,R5F 8C7,NB,Canada
Lydia David,ad@purusgravida.org,374 Aenean St.,Cap-Pelé,L7A 7T6,NB,Canada
Erasmus Heath,tellus.faucibus@aliquet.com,5850 Cras St.,Dieppe,C9F 6O4,NB,Canada
Roanna Schultz,ut.mi@Suspendissetristiqueneque.ca,511-5583 Diam. St.,Saint André,S4F 8O0,NB,Canada
Evelyn Stein,lacus@odio.ca,918-3891 Odio. Avenue,Shédiac,E4L 3I0,NB,Canada
Calista Gutierrez,nulla.Integer@sempertellusid.com,7210 Tristique Street,Grand Falls,A9E 5L7,NB,Canada
Maxwell Jarvis,lectus.pede.ultrices@Nuncmauris.net,P.O. Box 478, 2996 Neque Avenue,Dieppe,Q4W 6W7,NB,Canada
Dennis Jennings,amet.dapibus.id@Phasellusdolor.org,Ap #657-3783 Ipsum Road,Rothesay,K5Y 7H6,NB,Canada
Keiko Stokes,nonummy.Fusce.fermentum@faucibusidlibero.ca,Ap #988-7051 Amet, Av.,Shédiac,U9M 9K7,NB,Canada
Hedley Hinton,dictum.Phasellus.in@netusetmalesuada.ca,587-3307 Lorem Road,Rothesay,N5M 2C8,NB,Canada
Jameson Moon,quis.urna@aliquet.net,P.O. Box 487, 7462 Aliquam Av.,Rexton,B9V 7W5,NB,Canada
Shana Duran,fringilla.mi.lacinia@sodales.net,2294 Consectetuer, Road,Rothesay,V9Z 2N3,NB,Canada
Inez Burris,nec.tempus@rutrum.ca,603-684 Nascetur Av.,Miramichi,J4J 2L7,NB,Canada
Chiquita Flores,ut.mi.Duis@sodalesMauris.org,P.O. Box 616, 6054 Eu St.,Rexton,M1S 8Y9,NB,Canada
Kibo Booth,at.auctor.ullamcorper@dolorsitamet.com,432 Scelerisque Road,Grand Falls,E4X 4X9,NB,Canada
Maris Hendricks,ipsum@Fuscefermentumfermentum.org,8998 Dui. St.,Fredericton,O2D 6G7,NB,Canada
Otto Valdez,et.eros@quam.org,Ap #185-8000 Pede, Road,Edmundston,B6K 8Y1,NB,Canada
Amal Evans,hendrerit.id.ante@cursusetmagna.ca,7851 Nunc Road,Tracadie-Shelia,H4E 5G0,NB,Canada
Yvette Fitzpatrick,litora.torquent@justoPraesentluctus.net,968-9058 Dolor, Rd.,Fredericton,Q2E 1Y2,NB,Canada
Iliana Bridges,magna.malesuada.vel@eu.net,8090 Cum Rd.,New Maryland,U1M 3Y2,NB,Canada
Wesley Whitney,lacus.Mauris.non@aliquam.org,Ap #656-5058 Mauris Road,Shédiac,O7L 2F4,NB,Canada
Dorian Mcgee,lectus.sit@ridiculus.edu,Ap #492-4690 Tempus Ave,Oromocto,H3H 9B0,NB,Canada
Claudia Farrell,ipsum.porta@utnulla.co.uk,P.O. Box 312, 8813 Eu Road,Oromocto,E5A 8B5,NB,Canada
Jada Hewitt,ullamcorper.magna@Aliquamornare.com,Ap #308-772 Fusce Rd.,Saint André,A7I 6F8,NB,Canada
Uma Goff,semper.pretium@eratEtiamvestibulum.co.uk,Ap #913-7982 Hendrerit Street,Edmundston,L4X 5R7,NB,Canada
Neville Cruz,In.scelerisque@Sed.org,322-9970 Amet Rd.,Rothesay,W3Q 6N6,NB,Canada
Inga Dalton,quis@DonecestNunc.org,7607 Rutrum, Av.,Cap-Pelé,Z4I 5I1,NB,Canada
Reece Weeks,Donec@telluseu.co.uk,P.O. Box 416, 8072 Massa Rd.,New Maryland,O9U 1H0,NB,Canada
Cameron Sexton,Lorem.ipsum.dolor@eteros.com,Ap #629-864 Id Avenue,Rothesay,X7F 7O9,NB,Canada
Nathaniel Mayer,mollis.Integer.tincidunt@atarcuVestibulum.ca,Ap #603-6962 Faucibus Avenue,Carlton,V6D 9A9,NB,Canada
Raymond Byrd,amet.consectetuer@Morbi.edu,765-3895 Sodales. Road,Saint-Léonard,Z8N 6K5,NB,Canada
Vivien Finch,lorem.tristique@quamquisdiam.edu,Ap #581-465 A Rd.,New Maryland,A3A 7U7,NB,Canada
Hector Davis,eleifend@velit.com,P.O. Box 345, 8707 Dolor Road,Edmundston,N9T 8R1,NB,Canada
Melinda Washington,egestas.lacinia@necluctusfelis.org,Ap #125-9823 Integer Ave,Shédiac,D5O 6A6,NB,Canada
Haviva Craig,vulputate.ullamcorper@pedenonummyut.edu,3427 Nisl. Road,Saint André,H3K 5O2,NB,Canada
Maris Cameron,aliquet@acfacilisis.ca,P.O. Box 629, 962 Elit, Av.,Grand Falls,N2V 3T8,NB,Canada
Aphrodite Meadows,Nunc.mauris@lectuspede.com,P.O. Box 473, 3028 Ac St.,Fredericton,U8G 2U5,NB,Canada
Cedric Pitts,ac@suscipitnonummyFusce.net,P.O. Box 272, 280 Hendrerit Road,Dieppe,S8U 7J8,NB,Canada
Emery Copeland,nec@acmieleifend.com,610-2293 Iaculis, St.,Miramichi,B9A 2I3,NB,Canada
Tatum Pope,malesuada@euligulaAenean.com,326-6599 Augue Rd.,Moncton,A2V 2I8,NB,Canada
Harding Evans,Donec@tellus.ca,Ap #678-4389 Massa. Road,Saint John,O1P 9Q8,NB,Canada
Shelley Glover,nec.euismod.in@ridiculusmusAenean.ca,694 Elit. Avenue,Rexton,P4F 9R8,NB,Canada
Melissa Bonner,sed@ametornare.org,Ap #211-5153 In, St.,Shippagan,P7B 1J6,NB,Canada
Ignacia Huff,sed.leo@vulputatemauris.net,Ap #357-719 Mi Avenue,Shippagan,W7G 7N3,NB,Canada
Kaseem King,arcu.Sed.et@velitAliquamnisl.org,P.O. Box 565, 1412 Morbi Rd.,Dieppe,I1N 8D0,NB,Canada
Oren Benton,Proin@ascelerisque.org,Ap #211-285 Eu St.,Tracadie-Shelia,I3Q 9N7,NB,Canada
Autumn Bullock,neque@iaculisodioNam.com,Ap #575-1924 Est, Avenue,Clare,E9I 3L4,NB,Canada
Lana Battle,natoque.penatibus.et@nequeSed.edu,Ap #939-2672 Velit St.,Shippagan,J7I 1W3,NB,Canada
Meghan Pierce,nulla@velit.org,P.O. Box 495, 422 Maecenas St.,Grand Falls,O2I 1R4,NB,Canada
Keaton Velez,Nulla.tincidunt@non.edu,4754 Vitae Rd.,Dieppe,Y6I 6O5,NB,Canada
Mechelle Cash,mauris.erat@fermentumvelmauris.com,P.O. Box 623, 4739 Odio Rd.,Quispamsis,F8X 4Z3,NB,Canada
Steel Horne,In.mi.pede@vitaepurus.com,8594 Lacinia Rd.,Carlton,F1L 7Y9,NB,Canada
Teagan Lindsey,at.sem.molestie@feugiatnec.co.uk,937-6833 Eget Street,Fredericton,D1Z 7H5,NB,Canada
Amery Dejesus,a@gravida.org,361-9702 Eget St.,Shippagan,L3T 9H5,NB,Canada
Candice Decker,feugiat.tellus@NullamenimSed.edu,P.O. Box 813, 9900 Ipsum Ave,Clare,J5N 8J1,NB,Canada
Sydnee Galloway,velit.Quisque.varius@blanditmattisCras.net,341-2399 Fusce Ave,Carlton,O7B 8B0,NB,Canada
Emily Hess,odio@ascelerisque.org,869-1118 Nibh Road,Saint John,G8M 4P4,NB,Canada
Justin Gibbs,eu@Fuscealiquamenim.ca,P.O. Box 710, 2349 Taciti St.,Grand Falls,M7I 7A5,NB,Canada
Kelly Hickman,dolor.Fusce@enimSuspendissealiquet.co.uk,P.O. Box 685, 1073 Volutpat St.,Saint-Léonard,Y7R 3O7,NB,Canada
Daria Butler,diam.luctus@fermentumrisusat.net,P.O. Box 971, 1519 Libero. Ave,Oromocto,X7Q 1K8,NB,Canada
Elijah Wells,Aliquam.fringilla@rutrumeu.com,5766 Non, St.,Fredericton,A1H 3R3,NB,Canada
Yvette Mcguire,massa.rutrum.magna@Curabitursed.com,4629 Ipsum. Road,Shédiac,N8X 3Y8,NB,Canada
Fatima Hodges,odio@in.org,2442 Cras St.,Saint John,Y7O 4W3,NB,Canada
Nasim Macias,lorem.lorem@leo.ca,Ap #758-7703 Vitae Road,New Maryland,I5O 6Y3,NB,Canada
Inga Santos,eu@porttitorvulputate.edu,334-4699 Ac St.,Clare,D3I 3C5,NB,Canada
Knox Meyers,mauris@Maurisutquam.ca,386-5113 Dolor. St.,New Maryland,J6U 9K5,NB,Canada
Grady Harrison,sagittis@consequat.com,416-674 In St.,Grand Falls,R4M 2Q9,NB,Canada
Maxine Key,cursus@egetvolutpatornare.net,P.O. Box 397, 3996 Posuere St.,Saint André,R8O 9C0,NB,Canada
Rhoda Woods,sociis@risusquis.net,Ap #179-9214 Etiam Ave,New Maryland,C3P 6P6,NB,Canada
Paloma Guthrie,tincidunt.aliquam@interdumenimnon.ca,Ap #657-9719 Consectetuer Ave,Shédiac,P1K 6I8,NB,Canada
Shaeleigh Cameron,at.risus.Nunc@dapibusrutrum.com,P.O. Box 756, 4938 Felis Avenue,Saint-Léonard,A7Z 6V8,NB,Canada
Cyrus Jackson,egestas.Aliquam@ultricesposuere.net,Ap #534-5518 At, Rd.,Fredericton,W4G 4Y2,NB,Canada
Nerea Calhoun,purus.gravida.sagittis@pedeultrices.edu,P.O. Box 195, 5653 Iaculis Avenue,Tracadie-Shelia,U4B 8D5,NB,Canada
Wesley Ayala,at.fringilla@blandit.co.uk,7890 Neque Rd.,Moncton,T9K 4J9,NB,Canada
Oleg Joyner,Integer@quisaccumsan.org,264-4266 Metus Road,Cap-Pelé,U1V 7G9,NB,Canada
Fredericka Carlson,libero@acurnaUt.co.uk,P.O. Box 447, 3918 Luctus Street,Carlton,L9E 1R9,NB,Canada
Keely Clements,pede.Praesent@luctussit.com,4548 Tellus. Avenue,Edmundston,S5G 1S6,NB,Canada
Shana Johnson,convallis.erat.eget@metus.ca,Ap #505-9306 Vel Ave,Moncton,H4I 6Q7,NB,Canada
Shafira Hubbard,at.velit.Pellentesque@ullamcorperDuiscursus.co.uk,9588 Lobortis Rd.,Shédiac,L4P 4J0,NB,Canada
Leandra Drake,lobortis.risus@risusDonecegestas.ca,935-5878 Malesuada St.,New Maryland,O2S 3T1,NB,Canada
Isadora Riddle,pede.Cras@facilisisSuspendisse.ca,903-6316 Pede. St.,Saint André,Y3V 5D7,NB,Canada
Maris Rowe,arcu.et.pede@egestasrhoncus.com,2081 Dictum Street,Moncton,D6W 5N4,NB,Canada
Bradley Roach,elit@vestibulummassa.ca,692-2716 Amet Rd.,Grand Falls,S3I 8O2,NB,Canada
Aline Crawford,commodo@idenim.com,567-5162 Vitae Road,Fredericton,I9I 6U5,NB,Canada
Daquan Chang,gravida.non.sollicitudin@tortornibh.net,P.O. Box 312, 9775 Convallis Av.,Clare,C7A 5K2,NB,Canada
Shafira Farmer,metus.Aenean.sed@in.edu,P.O. Box 737, 9437 Dapibus St.,Edmundston,E5G 4A7,NB,Canada
Jordan Chan,metus@metusvitae.net,Ap #475-6355 Est Rd.,Saint John,Z3H 3M2,NB,Canada
Ezekiel Lancaster,Nulla.dignissim.Maecenas@adipiscingelitCurabitur.co.uk,P.O. Box 327, 4696 Orci. St.,Grand Falls,K3D 6Y0,NB,Canada
