Jonah Hopper,Suspendisse.aliquet@aodiosemper.edu,Ap #114-4136 Nunc, Rd.,Coleville Lake,F5I 9X9,NT,Canada
Ayanna Reyes,aliquet.nec.imperdiet@ac.co.uk,P.O. Box 512, 4038 Purus Avenue,Deline,U3L 6O2,NT,Canada
Clinton Bryan,eget.ipsum@erosNam.co.uk,619-9015 Velit Avenue,Tsiigehtchic,P2Y 2E3,NT,Canada
Raja Meyer,at.nisi@hendreritid.net,9889 Vulputate, Street,Fort Simpson,E7T 3D1,NT,Canada
Hayley Mcintyre,mauris.a@Nulla.edu,7379 Fringilla Rd.,Wekweti,Z9J 8I9,NT,Canada
Flynn Stafford,metus@sagittisfelisDonec.edu,7857 Turpis Road,Norman Wells,S9Y 6I7,NT,Canada
Aspen Beach,congue.a.aliquet@consectetuer.net,560-2569 Morbi Road,Norman Wells,H8R 7I6,NT,Canada
Pascale Merritt,natoque.penatibus.et@porttitor.co.uk,101-4988 Quis, Av.,Fort Smith,Y6G 4L0,NT,Canada
Colette Simpson,ac@velit.ca,762-4920 Vulputate Av.,Wrigley,J4N 7X7,NT,Canada
Benjamin Franks,bibendum.Donec@acipsumPhasellus.org,4316 Rutrum Street,Wrigley,C9R 5Z1,NT,Canada
Odysseus Henson,lectus.a.sollicitudin@inhendrerit.co.uk,P.O. Box 501, 876 Semper Ave,Wha Ti,T7Q 5F3,NT,Canada
Keaton Hester,mauris@in.com,843-6463 Cras Ave,Enterprise,U3M 1D9,NT,Canada
Willow Wilkins,lacus@consequatenim.org,Ap #791-906 Rutrum Av.,Tsiigehtchic,V6Z 9C0,NT,Canada
Mark Hodge,nunc.ac.mattis@loremeget.edu,4759 Purus Road,Fort Laird,T3O 3B1,NT,Canada
Lisandra Snider,gravida.sit.amet@at.net,4345 Id, Ave,Tuktoyaktuk,E6H 1E0,NT,Canada
Rhonda Lindsay,habitant.morbi@at.edu,135-6212 Donec Ave,Fort Good Hope,O7J 1D3,NT,Canada
Aidan Michael,et@doloregestasrhoncus.co.uk,Ap #872-2340 Nunc Ave,Holman,T3V 5E2,NT,Canada
Neve Baldwin,feugiat@rhoncusDonecest.com,793-4924 Sem Street,Coleville Lake,Y3S 3H3,NT,Canada
Ruth Norton,Vivamus.non@sapienCras.org,P.O. Box 774, 3345 Nulla. St.,Fort McPherson,X1N 6Y7,NT,Canada
Merrill Lynch,Integer.urna.Vivamus@nec.com,P.O. Box 508, 4309 Eu, St.,Fort Smith,Q7I 9O8,NT,Canada
Sydnee Lambert,est.arcu.ac@justonecante.com,Ap #297-8294 Sem Avenue,Fort Good Hope,T6E 9I4,NT,Canada
Rajah Stuart,erat.in@nisi.com,P.O. Box 145, 7596 Cras Av.,Sachs Harbour,F1K 4N8,NT,Canada
Brody Schroeder,non.cursus.non@Phasellus.ca,9274 Nunc Avenue,Deline,C6Q 6U4,NT,Canada
Christopher Hughes,amet@In.co.uk,888-905 Velit Street,Enterprise,Z1N 7F5,NT,Canada
Uriel Donaldson,Ut.sagittis.lobortis@quamCurabiturvel.net,7685 Non, St.,Aklavik,L6J 5O2,NT,Canada
Bertha Jacobson,leo.Vivamus.nibh@eleifend.org,110-7065 Nulla. Rd.,Aklavik,F8P 5G4,NT,Canada
Zephr Garcia,eu.tempor.erat@eunullaat.edu,Ap #901-5382 Pellentesque Ave,Kakisa,Y2T 2A5,NT,Canada
Buckminster Gibbs,torquent.per@pede.com,962-8870 Sapien. St.,Coleville Lake,Y6E 3O8,NT,Canada
Flynn York,pharetra@facilisis.com,448-7052 Phasellus St.,Deline,F3T 8F2,NT,Canada
Wilma Jefferson,adipiscing.Mauris@quam.org,Ap #545-9298 Purus Rd.,Kakisa,W2N 2C4,NT,Canada
Fallon Riggs,quam.dignissim@non.net,2120 Cubilia Av.,Fort Simpson,Q7S 1C4,NT,Canada
Darryl Bond,facilisi.Sed.neque@augueutlacus.com,5042 In Av.,Wrigley,P5X 3F4,NT,Canada
Hashim Sharpe,fringilla@sodalesMauris.edu,P.O. Box 226, 6646 Hendrerit Rd.,Rae-Edzo,X9A 6W7,NT,Canada
Leah Bolton,turpis.In@ut.ca,7086 Sit St.,Rae-Edzo,H6J 1K8,NT,Canada
Jessamine Chang,Morbi@sagittisfelisDonec.edu,9019 Turpis Road,Holman,K6R 1U8,NT,Canada
Madison Lee,ipsum@egestas.com,6133 Nunc Ave,Rae-Edzo,N5F 4N9,NT,Canada
Kirk Quinn,adipiscing@non.com,592-9385 Aliquet Road,Aklavik,O5R 7V4,NT,Canada
Macey Coffey,Duis.sit@AeneanmassaInteger.edu,115-218 Ornare. Ave,Fort Providence,I9Z 1U5,NT,Canada
Plato Steele,quam.vel@velitQuisquevarius.edu,6429 Sed Street,Sachs Harbour,H1W 6P8,NT,Canada
Clementine Battle,lorem@sit.org,121-5502 Aliquam Ave,Wrigley,U2T 5L7,NT,Canada
Kelly Woodard,molestie.dapibus.ligula@IntegerurnaVivamus.net,617-9219 Nisl. Avenue,Rae Lakes,F4W 4E4,NT,Canada
Jana Hess,tincidunt@molestie.com,783-4488 Donec Rd.,Fort Simpson,P4M 1J0,NT,Canada
Lionel Howard,sapien.Cras.dolor@ProinultricesDuis.edu,Ap #409-8367 Mi, Ave,Inuvik,R1T 1P6,NT,Canada
India Dawson,magna.a.tortor@nuncacmattis.com,Ap #161-9689 Erat, St.,Fort Smith,Y4Z 4D4,NT,Canada
Raya Robertson,sociosqu.ad@miAliquamgravida.org,P.O. Box 445, 1157 Vitae St.,Aklavik,F9P 9G4,NT,Canada
Amery Wolfe,ante@Vivamusnibh.com,P.O. Box 783, 1571 Tellus, Rd.,Rae-Edzo,B9E 6A1,NT,Canada
Travis Hutchinson,aliquet.diam@tempuseu.org,794-654 Libero St.,Inuvik,T6I 8B4,NT,Canada
Eleanor Simmons,nec.mollis@sit.com,Ap #161-6010 Tellus Avenue,Rae-Edzo,N3P 6B7,NT,Canada
Fredericka Sutton,at.risus.Nunc@Vivamuseuismod.co.uk,Ap #136-9207 Vitae Street,Fort Resolution,L5V 8G8,NT,Canada
Fallon Riggs,nec@aliquetvel.org,3775 Egestas Road,Tuktoyaktuk,C8J 8W9,NT,Canada
Kuame Ferrell,eleifend@Curabitur.edu,P.O. Box 620, 1820 Fusce Road,Enterprise,N8A 8L0,NT,Canada
Raya Irwin,vitae.velit@velitdui.com,867-1294 Enim St.,Fort Simpson,M1G 8Z6,NT,Canada
Hamish Tyler,elit.Nulla.facilisi@neque.com,P.O. Box 339, 3007 Mi Ave,Coleville Lake,Z9Z 9N1,NT,Canada
Elmo Griffith,cursus@augue.ca,3836 Magna Rd.,Fort McPherson,A4R 5E8,NT,Canada
Colorado Hall,cursus.non.egestas@Integerinmagna.ca,500 Lectus Street,Aklavik,B2J 8H6,NT,Canada
Martin Joyner,lobortis@tristiquenequevenenatis.edu,152-6480 Elit, Street,Wha Ti,X4S 4X4,NT,Canada
Iona Herring,aliquam@montes.co.uk,P.O. Box 193, 5952 Convallis Street,Tulita,K7G 6O2,NT,Canada
Willa Lamb,nibh.lacinia@ideratEtiam.com,4859 Et Street,Fort Laird,T7N 9U1,NT,Canada
Ina Burke,neque@eunibhvulputate.org,677-2115 Amet Ave,Coleville Lake,X8F 2C3,NT,Canada
Beverly Byrd,Nullam@inmolestie.org,P.O. Box 825, 2764 Auctor Street,Rae-Edzo,U6B 1O5,NT,Canada
Paki Nielsen,ipsum.Suspendisse.non@tellusidnunc.org,3611 Primis St.,Fort Simpson,W4M 3Z6,NT,Canada
Rogan Stevenson,non@erat.org,572-1084 Mauris Road,Rae-Edzo,Y8K 2W2,NT,Canada
Malachi Brennan,senectus.et@dolordolor.co.uk,620-3301 Lacinia St.,Kakisa,Y9A 1Y3,NT,Canada
Yoko Harvey,dolor.nonummy@Vestibulumut.co.uk,P.O. Box 924, 5723 Eu St.,Fort Laird,Y9M 4N5,NT,Canada
Bertha Nguyen,Suspendisse.aliquet.molestie@montes.edu,1518 Congue, Av.,Norman Wells,E2H 5S6,NT,Canada
Kane Perry,a.facilisis.non@enimnonnisi.co.uk,287 Arcu. Ave,Coleville Lake,Y8K 1A3,NT,Canada
Vladimir Hinton,odio.tristique.pharetra@tristique.org,4956 Luctus Ave,Fort Good Hope,N2N 3B4,NT,Canada
Shana Luna,Nunc@Loremipsumdolor.net,P.O. Box 265, 7012 Odio. Street,Fort McPherson,F8V 7O7,NT,Canada
Hayley Mckee,Donec.tempor.est@felisDonec.edu,6683 Sed Street,Inuvik,L8F 1W6,NT,Canada
Jeremy Spence,pede@Donecfelisorci.net,316-7339 Proin St.,Paulatuk,I1E 6E3,NT,Canada
Dale Freeman,eu.odio@ornareFusce.com,Ap #714-7844 Pellentesque Rd.,Fort Providence,M7G 7S9,NT,Canada
Ali Delacruz,tristique.pellentesque.tellus@enimgravida.ca,Ap #757-4541 Phasellus Av.,Lutsel K'e,Z1J 3H0,NT,Canada
Elton Davis,Nulla.interdum.Curabitur@aliquameros.org,915-1737 Quam. Road,Tuktoyaktuk,D1F 7S0,NT,Canada
Lenore Michael,tortor.dictum@liberomaurisaliquam.org,Ap #163-8587 Neque Avenue,Norman Wells,U8M 4O9,NT,Canada
Hedda Elliott,ut.nulla.Cras@tincidunttempusrisus.co.uk,3284 Nunc Rd.,Fort Simpson,H3L 7G5,NT,Canada
Alexis Pope,ultrices.posuere.cubilia@eu.ca,Ap #933-381 Iaculis Ave,Inuvik,X1A 8Q0,NT,Canada
Imogene Wilcox,tempus.lorem.fringilla@velconvallisin.com,Ap #807-3640 Aliquam Rd.,Paulatuk,R4M 2D8,NT,Canada
Alana Bryan,eu.sem@elita.co.uk,Ap #428-8701 Velit. Av.,Fort Good Hope,Z2H 5B3,NT,Canada
Armando Dean,enim.consequat.purus@ipsumDonec.com,Ap #963-9107 Et Street,Rae-Edzo,O4I 3E6,NT,Canada
Ina Dean,orci.lobortis.augue@odioPhasellus.com,546-7446 Inceptos Avenue,Holman,L9Q 1I4,NT,Canada
Tad Witt,parturient@mienim.ca,402-4840 Non, Rd.,Yellowknife,R8I 4V2,NT,Canada
Joan Hines,malesuada.Integer.id@perinceptoshymenaeos.org,9806 Libero St.,Deline,P2Q 8R3,NT,Canada
Timon Walsh,mi.Duis@quam.net,P.O. Box 520, 8479 Placerat Road,Wha Ti,S7S 3B0,NT,Canada
Marshall Christensen,eget.metus@tempusmauriserat.edu,855-9821 Amet Rd.,Yellowknife,H4P 4E5,NT,Canada
Jarrod Valentine,lacinia.at@miDuis.net,P.O. Box 342, 1781 Risus. Ave,Coleville Lake,G7M 3F3,NT,Canada
Neve Keith,mauris.blandit@dignissimpharetraNam.net,1922 Quam St.,Wekweti,F1M 7W4,NT,Canada
Kaitlin Cote,ante.Maecenas@ipsum.ca,9461 Consequat Road,Fort Smith,P4U 4O0,NT,Canada
Delilah Schneider,eu.eleifend.nec@Suspendisse.ca,P.O. Box 559, 226 Elit Av.,Tulita,U8G 1Y2,NT,Canada
Adrian Saunders,eget.mollis@Mauris.net,194-5860 Morbi Rd.,Lutsel K'e,J1J 7V3,NT,Canada
Derek Hayes,sit.amet.lorem@Aeneanegetmagna.edu,P.O. Box 922, 5321 Non St.,Paulatuk,C2D 2R1,NT,Canada
Kitra Hyde,Curabitur.consequat.lectus@risusQuisque.ca,Ap #228-4206 Ac Rd.,Aklavik,T3O 2J1,NT,Canada
Selma Patrick,Mauris.blandit.enim@mi.ca,884-2673 Sollicitudin Rd.,Deline,Y1G 9Y7,NT,Canada
Leroy Briggs,mauris@tempusrisus.com,P.O. Box 872, 8788 Elementum St.,Kakisa,T2Q 5J0,NT,Canada
Rebekah May,Nam.interdum.enim@Nunc.org,Ap #396-666 Orci Ave,Wekweti,V5E 1K4,NT,Canada
Nevada Bradford,lobortis.quam@tortor.net,Ap #328-6979 Montes, Ave,Fort Resolution,F8N 3S4,NT,Canada
Judith Ferrell,Nullam@nisiMaurisnulla.com,P.O. Box 397, 3691 Diam Avenue,Lutsel K'e,E7X 8A9,NT,Canada
Whitney Guerrero,et.magnis.dis@Nunc.ca,543-5117 Aenean Rd.,Hay River,E3O 8N2,NT,Canada
April Barrett,blandit.congue.In@diamat.com,P.O. Box 293, 8757 Habitant St.,Rae Lakes,D5V 2W2,NT,Canada
Bo Finley,arcu.et.pede@semper.co.uk,436-4836 Ridiculus Ave,Kakisa,N7X 8E4,NT,Canada
Buffy Mcdonald,ac@acsem.org,1967 Amet Ave,Aklavik,K8G 6A1,NT,Canada
Tad Wright,a.magna.Lorem@congueaaliquet.org,3520 Lacus Street,Deline,Q8Q 4G0,NT,Canada
Elton Ortiz,sodales.elit.erat@esttempor.edu,1669 Eu, Rd.,Coleville Lake,K8X 3O7,NT,Canada
Josiah Diaz,augue.eu.tellus@laoreet.co.uk,844-3738 A Ave,Enterprise,G1J 1I2,NT,Canada
Demetria Robbins,faucibus.leo.in@massa.co.uk,P.O. Box 679, 3485 Lectus, Road,Fort Smith,Q7R 1S8,NT,Canada
Sage Coffey,Aenean.eget.magna@imperdietullamcorperDuis.org,4851 Nibh Rd.,Fort McPherson,S5X 1H2,NT,Canada
Alyssa Hinton,est@sagittissemperNam.com,Ap #140-6024 Ipsum Road,Inuvik,H5A 6Q6,NT,Canada
Callie Duke,vestibulum.nec.euismod@lorem.ca,P.O. Box 422, 5513 Adipiscing Street,Fort Resolution,N1E 1Z6,NT,Canada
Derek Case,augue@dictum.edu,Ap #295-3432 Sed, Rd.,Tsiigehtchic,N4C 2L6,NT,Canada
Alfonso Dominguez,Nulla@maurisMorbi.net,1883 Dolor. Av.,Kakisa,H4A 4U5,NT,Canada
