Sara Mccullough,Donec@cursusdiamat.edu,P.O. Box 417, 1922 Ut Road,Montague,P8W 3F4,PE,Canada
Flynn Andrews,ipsum.Suspendisse.non@PhasellusornareFusce.edu,P.O. Box 942, 8798 Ultricies Av.,Charlottetown,M3I 5N8,PE,Canada
Axel Estrada,auctor.ullamcorper@odiosagittis.net,4497 Massa. Rd.,Stratford,H5X 5W0,PE,Canada
Lucius Estes,sed.turpis.nec@purusmaurisa.edu,P.O. Box 719, 1799 Neque Avenue,Stratford,R1R 5C5,PE,Canada
Ila Wilkins,est.Nunc@nisia.net,P.O. Box 548, 4086 Ipsum Rd.,Stratford,X8F 4T6,PE,Canada
Georgia Blackwell,Mauris.eu@ut.edu,9266 Ullamcorper Av.,Charlottetown,R9C 8Q2,PE,Canada
Willow Martinez,fermentum.metus@ridiculusmus.ca,P.O. Box 767, 195 Diam Avenue,Montague,L3U 9J2,PE,Canada
Claire Pratt,ipsum@Nullafacilisi.com,P.O. Box 431, 830 Eu Rd.,Charlottetown,S3G 5B1,PE,Canada
Ria Wiley,quis.turpis.vitae@sodales.com,1536 A Street,Stratford,I1R 5T6,PE,Canada
Joelle Patterson,malesuada@InloremDonec.ca,3537 Vitae Rd.,Montague,V7M 4X8,PE,Canada
Francis Bennett,ipsum.dolor.sit@velitQuisquevarius.org,3989 Nibh St.,Stratford,S2S 1N4,PE,Canada
Naida Hurley,penatibus.et.magnis@musDonec.ca,3572 Augue St.,Charlottetown,Q8Y 2I7,PE,Canada
Phillip Mathews,non.vestibulum@temporest.edu,Ap #619-6837 Nullam St.,Stratford,A2S 7K5,PE,Canada
Tiger Deleon,non.enim@diamSeddiam.co.uk,186-505 Enim. Rd.,Charlottetown,F7N 4P8,PE,Canada
TaShya Rios,sed.pede@Curabitur.com,Ap #481-2277 In Rd.,Montague,J3T 9V4,PE,Canada
Carolyn Mueller,elit@odioNam.ca,Ap #647-1790 Lorem Rd.,Montague,E9C 5A1,PE,Canada
Shelley Mayer,eu.metus@vehicularisus.co.uk,484-9671 Etiam Av.,Stratford,M1U 2N9,PE,Canada
Hasad Velazquez,nisl@Nullatemporaugue.net,Ap #336-904 Auctor Rd.,Stratford,U7P 4H7,PE,Canada
Teagan Ware,diam.at.pretium@etmalesuada.co.uk,P.O. Box 280, 7053 Vehicula. Rd.,Stratford,K7Y 8D8,PE,Canada
Lydia Molina,Sed.auctor.odio@consectetuereuismod.ca,Ap #453-3653 Nulla. Rd.,Stratford,F6L 9W5,PE,Canada
Marsden Newton,Nulla.facilisis.Suspendisse@venenatis.net,323-647 Pretium St.,Stratford,A2B 2K7,PE,Canada
Deanna Cohen,eget@Quisque.edu,721-5307 Convallis Av.,Stratford,N3K 1Q7,PE,Canada
Amity Britt,quam.dignissim.pharetra@tinciduntpede.org,4551 Per St.,Stratford,A4H 5R3,PE,Canada
Doris Crosby,non@commodohendrerit.edu,Ap #765-285 Risus. Avenue,Stratford,U8S 6G4,PE,Canada
Zahir Walters,luctus@dolordolortempus.ca,P.O. Box 373, 571 Nibh. Ave,Montague,Q8U 8T2,PE,Canada
Todd Blair,elit.Nulla@molestietellusAenean.co.uk,136-7835 Aliquam Ave,Stratford,W2N 5Y5,PE,Canada
Arthur Sims,et.ultrices.posuere@arcuNunc.com,Ap #110-9706 Vulputate, Street,Stratford,E8E 3C2,PE,Canada
Kiona Haynes,Etiam.gravida.molestie@faucibusorci.ca,Ap #695-584 Nunc. St.,Stratford,T9F 2A9,PE,Canada
Rae Black,tempor@Duis.co.uk,Ap #693-232 Luctus St.,Charlottetown,B9Q 6Z6,PE,Canada
Lisandra Shaw,Suspendisse.ac@urnaet.net,Ap #256-5757 Ut Road,Charlottetown,T1L 4S5,PE,Canada
Georgia Charles,Donec.tempus.lorem@semmolestie.org,P.O. Box 971, 8576 Semper. Rd.,Montague,H7X 8J9,PE,Canada
Grant Paul,enim.mi.tempor@turpisegestas.com,7155 Luctus. Av.,Montague,Q5H 2S8,PE,Canada
Stephanie Sweeney,sed.libero.Proin@molestieSed.net,414-8289 Aliquet St.,Montague,T9M 3B4,PE,Canada
Rachel Bartlett,fermentum.convallis@Intincidunt.net,Ap #855-7872 Suspendisse Av.,Charlottetown,G5Z 1I7,PE,Canada
Barclay Holland,parturient@faucibusMorbi.co.uk,Ap #264-4654 Nibh. Avenue,Charlottetown,B5E 5U9,PE,Canada
Macy Schneider,fermentum.arcu@sollicitudincommodoipsum.edu,P.O. Box 456, 261 A, Av.,Stratford,I6Z 1M7,PE,Canada
Ora Valdez,est@famesacturpis.co.uk,Ap #566-8731 Vivamus Road,Stratford,L9H 2D7,PE,Canada
Jenna Wilkerson,dis@mauris.net,Ap #904-9649 Imperdiet Avenue,Montague,A5R 1W6,PE,Canada
Candice Casey,nec.leo.Morbi@liberoMorbiaccumsan.co.uk,Ap #525-6542 Dolor. Rd.,Stratford,C5M 8A3,PE,Canada
Troy Taylor,libero.Morbi.accumsan@commodoauctor.co.uk,873-3527 Est Rd.,Stratford,Y7X 6P8,PE,Canada
Silas Hale,egestas.Fusce.aliquet@neque.ca,P.O. Box 125, 543 Diam St.,Stratford,G2U 7Q4,PE,Canada
Hermione Shelton,vulputate.velit.eu@quamdignissim.org,4517 Magna Rd.,Montague,W1G 3Y5,PE,Canada
Eve Erickson,dui@tacitisociosqu.net,964-6980 Pede. Av.,Stratford,A6W 3Q8,PE,Canada
Addison Mann,Nunc.mauris@nonmagna.com,5644 Ornare, Av.,Stratford,D3K 8C8,PE,Canada
Sheila Wooten,lobortis@lacus.net,P.O. Box 402, 8038 Nascetur Street,Charlottetown,D1G 9M2,PE,Canada
Ivan Wooten,dolor.egestas.rhoncus@lectus.net,Ap #497-5908 Eu Rd.,Stratford,B2N 9Y0,PE,Canada
Lawrence Dominguez,neque@aliquetsemut.org,Ap #817-8451 Elit Avenue,Stratford,N1F 7J0,PE,Canada
Germane Thompson,tincidunt.dui@nec.co.uk,P.O. Box 464, 5037 Praesent Street,Charlottetown,N5I 2Y9,PE,Canada
Maxine Chandler,Morbi.non.sapien@diamPellentesque.com,3035 Malesuada Avenue,Charlottetown,Z9O 5T4,PE,Canada
Marshall Cantu,faucibus.Morbi.vehicula@elementum.net,P.O. Box 683, 501 Cursus Av.,Montague,M4P 7Q9,PE,Canada
Wylie Morrow,lorem.ut.aliquam@vel.org,3701 Fermentum Av.,Stratford,C2Y 1Z2,PE,Canada
Burton Thomas,Duis.gravida@id.com,Ap #491-4547 Quisque Av.,Charlottetown,F8I 1A9,PE,Canada
Fay Poole,magna.sed.dui@mollis.org,Ap #922-8382 Sapien, St.,Charlottetown,D7X 1O2,PE,Canada
Jasmine Gonzalez,vel@adipiscing.co.uk,Ap #329-9216 Proin Avenue,Stratford,Y9F 5K6,PE,Canada
Hayes Hendricks,molestie.sodales.Mauris@ametmassa.ca,683-5652 Ornare Road,Charlottetown,O3D 1G9,PE,Canada
Yoshi Mejia,auctor.non.feugiat@nonummyacfeugiat.ca,Ap #248-5284 Vitae Ave,Stratford,R4S 3R6,PE,Canada
Holly Kramer,ac@Pellentesque.net,Ap #538-4994 Volutpat. Rd.,Stratford,M1E 7T7,PE,Canada
Whoopi Marsh,quam.quis.diam@odiovelest.net,111-9545 Dolor. Av.,Charlottetown,P1F 4E7,PE,Canada
Quail Sweet,amet.metus@euismod.edu,P.O. Box 464, 9361 Eu St.,Charlottetown,G2Y 1P4,PE,Canada
Sheila Kemp,risus@Quisquenonummy.ca,804-7943 Commodo St.,Charlottetown,W6G 3R1,PE,Canada
Mark Frank,nibh.dolor@Incondimentum.ca,Ap #306-6490 Erat Rd.,Stratford,K7Z 4D9,PE,Canada
Kamal Howell,Proin.mi@Maecenasmi.edu,716-8555 Erat Rd.,Stratford,F6W 7J6,PE,Canada
Rana Lamb,odio@nuncullamcorper.net,P.O. Box 573, 5257 Nisi St.,Charlottetown,Y9D 5F7,PE,Canada
Lane Gilbert,orci.luctus.et@placerataugue.org,779-5544 Nisl Street,Stratford,C4X 5A7,PE,Canada
Kimberly Kline,ut.nisi@vitaealiquam.edu,560-7504 Odio. Avenue,Charlottetown,N3N 6T0,PE,Canada
Dominic Gordon,Vivamus.euismod@semutcursus.edu,4497 Cras Ave,Stratford,A2H 3Z8,PE,Canada
Zoe Larson,rutrum@liberoProinsed.org,859-7583 Pharetra. Road,Stratford,N1A 5K5,PE,Canada
Brenden Strong,ut.nisi.a@semconsequatnec.org,981-7429 Purus. Rd.,Charlottetown,D3P 8D0,PE,Canada
Autumn Boyd,et.tristique@NullafacilisiSed.co.uk,5795 Lobortis Road,Stratford,V4R 3H4,PE,Canada
Bertha Morrison,et.magnis.dis@id.ca,8449 Diam. St.,Charlottetown,K5Y 9Z9,PE,Canada
Zena Mendez,eleifend.Cras@non.com,6398 Ut Rd.,Charlottetown,V4O 5V5,PE,Canada
Melanie Knapp,quis@magnatellusfaucibus.com,731-7750 Pretium St.,Stratford,F5N 6Q3,PE,Canada
Palmer Nielsen,Suspendisse@id.ca,142-2099 Ante, St.,Charlottetown,L4B 9K7,PE,Canada
Angela Mullen,sit.amet.luctus@suscipitestac.com,Ap #184-8111 Laoreet Rd.,Stratford,D6Y 4J7,PE,Canada
Nell Pugh,nec.tempus@tristiquepellentesquetellus.net,181-7807 Diam St.,Charlottetown,A8T 3W9,PE,Canada
Haviva Griffith,sodales.nisi.magna@dolor.org,P.O. Box 810, 6632 Nunc Street,Stratford,N3Z 2I7,PE,Canada
Noelle Obrien,turpis.egestas@pretiumet.org,P.O. Box 837, 9115 Sed Street,Montague,M9N 7A3,PE,Canada
Keith Fletcher,cursus@PhasellusnullaInteger.com,P.O. Box 814, 2613 Magna. Av.,Stratford,W9E 1T8,PE,Canada
Imelda Sweet,urna.convallis.erat@Morbi.org,Ap #287-6929 At Rd.,Montague,N9B 5S9,PE,Canada
Tiger Jarvis,Morbi.sit@antedictum.edu,Ap #463-938 Nisi. St.,Charlottetown,A2K 1Y6,PE,Canada
Hanae Roy,Sed@quis.net,P.O. Box 367, 9431 Varius Street,Montague,R4O 3P2,PE,Canada
John Hart,augue@turpisNullaaliquet.com,9680 Consequat Rd.,Stratford,K4I 1T4,PE,Canada
Medge Buckley,dui@ipsumsodales.com,Ap #504-2903 Non Av.,Montague,U3Z 1K2,PE,Canada
Lisandra Knight,semper@Sedneque.org,890-3890 Nec Street,Charlottetown,F3K 7D3,PE,Canada
Chaim Dorsey,erat.volutpat@magnisdis.ca,547-8168 Consectetuer Ave,Montague,V6T 6A0,PE,Canada
Willa Knight,eu.nibh@gravida.ca,Ap #576-152 Mauris. Road,Stratford,W7G 2Q6,PE,Canada
Hedwig Solomon,feugiat@sem.edu,2957 A, Av.,Charlottetown,N2A 8Q8,PE,Canada
Jenette Lancaster,in.tempus.eu@arcuimperdietullamcorper.edu,P.O. Box 953, 7045 Eget, Av.,Montague,G1V 6R3,PE,Canada
Pascale Hoover,id.enim@Nunc.ca,218-9698 Pretium Avenue,Charlottetown,J4P 2I8,PE,Canada
Todd Gould,scelerisque@esttemporbibendum.edu,3124 Cursus Av.,Stratford,N2V 7B5,PE,Canada
Grant Burgess,et.magnis.dis@placerat.org,718-4223 Arcu St.,Stratford,U4E 7S3,PE,Canada
Kelly Burris,sem@Quisque.org,Ap #771-3351 Venenatis Rd.,Montague,A5G 8K5,PE,Canada
Thaddeus Peterson,lorem.eget@dapibusligulaAliquam.com,Ap #680-8514 Mus. Ave,Stratford,P3Y 9Y3,PE,Canada
Nasim Luna,magna.Nam.ligula@blanditNam.ca,5405 Nunc. Road,Stratford,P6J 2I6,PE,Canada
Sara Mills,lectus.rutrum@nisi.ca,8449 Enim. Rd.,Stratford,G2A 9R6,PE,Canada
Andrew Oconnor,Class.aptent@mattissemperdui.com,P.O. Box 427, 7972 Est, St.,Stratford,P8Y 4E8,PE,Canada
Aiko Ryan,Sed.id.risus@luctusetultrices.org,382-6567 Sapien. St.,Stratford,M5O 1M3,PE,Canada
Mary Buckner,non.sapien.molestie@sapienNunc.net,P.O. Box 867, 592 Et Street,Charlottetown,X6I 9Y1,PE,Canada
Isabelle England,mollis.Duis.sit@mollislectus.com,8063 Nulla Road,Montague,W3M 3O1,PE,Canada
Jessica Wilkinson,enim.commodo.hendrerit@magna.co.uk,4497 Placerat Rd.,Charlottetown,L1N 7F3,PE,Canada
Chastity Bell,elit.pharetra@sem.ca,984-2453 Sit Street,Stratford,L7W 2D8,PE,Canada
Kane Gray,posuere.enim.nisl@egestas.edu,Ap #172-1591 Vestibulum Ave,Montague,V5G 4J6,PE,Canada
Yoko Alvarado,diam.vel.arcu@aliquet.net,P.O. Box 357, 1323 Dictum Road,Charlottetown,H5I 6L5,PE,Canada
Lenore Trevino,Aliquam.adipiscing.lobortis@tincidunt.ca,Ap #816-1443 Dolor Road,Montague,F5S 8P8,PE,Canada
Lesley Salas,ornare@rutrumFusce.co.uk,Ap #341-3458 Maecenas Rd.,Charlottetown,W9T 9G8,PE,Canada
David Lucas,non@mi.org,P.O. Box 958, 744 Ut Avenue,Montague,L3C 1B2,PE,Canada
Emily Powers,malesuada@diameudolor.co.uk,P.O. Box 665, 3959 Aliquam Road,Montague,G8R 8C9,PE,Canada
Athena Harris,arcu@netus.org,7858 Et Ave,Stratford,M1F 6A2,PE,Canada
Virginia Donovan,amet@purus.edu,7970 Sollicitudin Ave,Stratford,E7S 5V3,PE,Canada
Stephanie Franco,eget.metus@lorem.ca,Ap #886-9460 Enim. Ave,Charlottetown,F3M 3A4,PE,Canada
Carly Hunter,lorem.tristique@Aeneansedpede.net,Ap #748-3637 Cras Ave,Charlottetown,H4O 1I3,PE,Canada
Serina Mercer,Class@pellentesque.ca,P.O. Box 114, 7216 Eget Street,Stratford,L7K 9P3,PE,Canada
Savannah Cash,ante.bibendum@magnaPraesent.com,P.O. Box 609, 4495 Nonummy Road,Stratford,R4B 4C4,PE,Canada
Martin Whitley,lorem.sit@nec.net,Ap #664-7958 Lorem St.,Stratford,Z3W 1I5,PE,Canada
Ashely Reeves,amet.consectetuer.adipiscing@ipsumdolor.edu,259-6058 Eu Avenue,Charlottetown,M2T 6S2,PE,Canada
Carolyn Williamson,nec@erosProinultrices.org,6975 Posuere Av.,Charlottetown,V7U 5I5,PE,Canada
Judah Velasquez,semper.cursus.Integer@primisin.ca,505-3059 Velit Street,Montague,T7N 7E7,PE,Canada
Aristotle Wood,elit.Etiam.laoreet@sedlibero.co.uk,P.O. Box 235, 7904 Ipsum Av.,Charlottetown,N5Z 4J6,PE,Canada
Len Cherry,magna.Lorem@adipiscing.edu,P.O. Box 811, 7215 Ornare, Av.,Stratford,W7V 3D1,PE,Canada
Alika Holloway,nec@aliquam.com,Ap #620-8054 Orci Road,Charlottetown,X5D 1R9,PE,Canada
Halla Hughes,vitae.purus@atortor.co.uk,946-2989 Ultrices St.,Stratford,M5M 7I1,PE,Canada
Shoshana Lawson,orci@eratvitaerisus.net,674-351 Eu, Rd.,Charlottetown,S6D 3F9,PE,Canada
Riley Schwartz,vehicula.et.rutrum@ullamcorpermagnaSed.net,Ap #477-8503 At, Ave,Charlottetown,K7U 7R0,PE,Canada
Amena Sexton,felis@egetvarius.co.uk,Ap #546-7797 Amet Avenue,Montague,V6C 2G1,PE,Canada
Hakeem Burris,dictum.eu@neque.edu,250-6036 Pharetra. Rd.,Montague,Y4Q 6T4,PE,Canada
Timothy Barlow,dui.Suspendisse@orciPhasellusdapibus.ca,Ap #341-1906 Sem Ave,Stratford,N4J 3Y1,PE,Canada
Linda Goodman,adipiscing@eleifendCrassed.edu,Ap #909-4219 Nulla Avenue,Montague,M8I 9Z9,PE,Canada
Anjolie Diaz,molestie.pharetra@ligulaNullam.com,P.O. Box 859, 1478 Mattis Avenue,Montague,U7E 5Z3,PE,Canada
Robin Hammond,facilisis.magna.tellus@nonluctus.ca,P.O. Box 245, 8248 Ac Road,Montague,J4M 9I9,PE,Canada
Hanae Terrell,sed@malesuadaut.org,700-3472 Nibh. Road,Stratford,P2F 6B3,PE,Canada
Basil Crane,risus.quis@sitamet.com,6568 Vitae Avenue,Charlottetown,L2E 5I0,PE,Canada
Bertha Daniels,mi.felis.adipiscing@nonlorem.org,751-3493 A St.,Stratford,L4I 8Q9,PE,Canada
Kareem Cotton,amet.nulla@sedpede.com,Ap #771-4384 Nisl. Rd.,Stratford,U3N 8G1,PE,Canada
Callie Rosario,fringilla.purus.mauris@Cras.edu,714-2011 Amet Ave,Charlottetown,C8S 4N0,PE,Canada
